eventId,eventStartDate,eventEndDate,eventPeakDate,issueDate,targetDate,leadDays,windowId,modelId,weightedAnomalyF,coveragePct,extremeCount,sampledWeight,locationCount,sampledValidHoursUtc,qualifies,ungReturnPctPrevCloseToEnd,ngReturnPctPrevCloseToEnd,source
actual-heating-cold-1,2021-02-17,2021-02-17,2021-02-17,2021-02-16,2021-02-17,1,selloff,ncep-gfs-global-00z-noaa-aws,-14.977,0.632,11,1.06,18,0|6|12|18,true,4.03,7.452,"NOAA GFS 0.25 degree forecast archive on AWS, 00z run, TMP 2 m above ground"
actual-heating-cold-1,2021-02-17,2021-02-17,2021-02-17,2021-02-15,2021-02-17,2,selloff,ncep-gfs-global-00z-noaa-aws,-13.8,0.566,11,1.06,18,0|6|12|18,true,4.03,7.452,"NOAA GFS 0.25 degree forecast archive on AWS, 00z run, TMP 2 m above ground"
actual-heating-cold-1,2021-02-17,2021-02-17,2021-02-17,2021-02-14,2021-02-17,3,selloff,ncep-gfs-global-00z-noaa-aws,-14.243,0.67,11,1.06,18,0|6|12|18,true,4.03,7.452,"NOAA GFS 0.25 degree forecast archive on AWS, 00z run, TMP 2 m above ground"
actual-heating-cold-1,2021-02-17,2021-02-17,2021-02-17,2021-02-10,2021-02-17,7,rumor,ncep-gfs-global-00z-noaa-aws,-14.006,0.736,7,1.06,18,0|6|12|18,true,3.039,1.677,"NOAA GFS 0.25 degree forecast archive on AWS, 00z run, TMP 2 m above ground"
actual-heating-cold-1,2021-02-17,2021-02-17,2021-02-17,2021-02-09,2021-02-17,8,rumor,ncep-gfs-global-00z-noaa-aws,-13.85,0.726,7,1.06,18,0|6|12|18,true,3.039,1.677,"NOAA GFS 0.25 degree forecast archive on AWS, 00z run, TMP 2 m above ground"
actual-heating-cold-1,2021-02-17,2021-02-17,2021-02-17,2021-02-08,2021-02-17,9,rumor,ncep-gfs-global-00z-noaa-aws,-15.828,0.783,9,1.06,18,0|6|12|18,true,3.039,1.677,"NOAA GFS 0.25 degree forecast archive on AWS, 00z run, TMP 2 m above ground"
actual-heating-cold-1,2021-02-17,2021-02-17,2021-02-17,2021-02-07,2021-02-17,10,rumor,ncep-gfs-global-00z-noaa-aws,-9.694,0.462,6,1.06,18,0|6|12|18,false,3.039,1.677,"NOAA GFS 0.25 degree forecast archive on AWS, 00z run, TMP 2 m above ground"
actual-heating-cold-2,2021-02-19,2021-02-20,2021-02-20,2021-02-18,2021-02-19,1,selloff,ncep-gfs-global-00z-noaa-aws,-12.392,0.519,9,1.06,18,0|6|12|18,false,2.999,5.838,"NOAA GFS 0.25 degree forecast archive on AWS, 00z run, TMP 2 m above ground"
actual-heating-cold-2,2021-02-19,2021-02-20,2021-02-20,2021-02-17,2021-02-19,2,selloff,ncep-gfs-global-00z-noaa-aws,-12.623,0.519,9,1.06,18,0|6|12|18,false,2.999,5.838,"NOAA GFS 0.25 degree forecast archive on AWS, 00z run, TMP 2 m above ground"
actual-heating-cold-2,2021-02-19,2021-02-20,2021-02-20,2021-02-16,2021-02-19,3,selloff,ncep-gfs-global-00z-noaa-aws,-12.599,0.566,9,1.06,18,0|6|12|18,true,2.999,5.838,"NOAA GFS 0.25 degree forecast archive on AWS, 00z run, TMP 2 m above ground"
actual-heating-cold-2,2021-02-19,2021-02-20,2021-02-20,2021-02-12,2021-02-19,7,rumor,ncep-gfs-global-00z-noaa-aws,-5.135,0.462,6,1.06,18,0|6|12|18,false,0.755,1.041,"NOAA GFS 0.25 degree forecast archive on AWS, 00z run, TMP 2 m above ground"
actual-heating-cold-2,2021-02-19,2021-02-20,2021-02-20,2021-02-11,2021-02-19,8,rumor,ncep-gfs-global-00z-noaa-aws,-9.029,0.462,7,1.06,18,0|6|12|18,false,0.755,1.041,"NOAA GFS 0.25 degree forecast archive on AWS, 00z run, TMP 2 m above ground"
actual-heating-cold-2,2021-02-19,2021-02-20,2021-02-20,2021-02-10,2021-02-19,9,rumor,ncep-gfs-global-00z-noaa-aws,-14.344,0.726,9,1.06,18,0|6|12|18,true,0.755,1.041,"NOAA GFS 0.25 degree forecast archive on AWS, 00z run, TMP 2 m above ground"
actual-heating-cold-2,2021-02-19,2021-02-20,2021-02-20,2021-02-09,2021-02-19,10,rumor,ncep-gfs-global-00z-noaa-aws,-12.505,0.632,9,1.06,18,0|6|12|18,true,0.755,1.041,"NOAA GFS 0.25 degree forecast archive on AWS, 00z run, TMP 2 m above ground"
actual-heating-cold-3,2022-01-29,2022-01-29,2022-01-29,2022-01-28,2022-01-29,1,selloff,ncep-gfs-global-00z-noaa-aws,-7.003,0.491,2,1.06,18,0|6|12|18,false,19.897,14.458,"NOAA GFS 0.25 degree forecast archive on AWS, 00z run, TMP 2 m above ground"
actual-heating-cold-3,2022-01-29,2022-01-29,2022-01-29,2022-01-27,2022-01-29,2,selloff,ncep-gfs-global-00z-noaa-aws,-6.566,0.443,2,1.06,18,0|6|12|18,false,19.897,14.458,"NOAA GFS 0.25 degree forecast archive on AWS, 00z run, TMP 2 m above ground"
actual-heating-cold-3,2022-01-29,2022-01-29,2022-01-29,2022-01-26,2022-01-29,3,selloff,ncep-gfs-global-00z-noaa-aws,-7.324,0.491,0,1.06,18,0|6|12|18,false,19.897,14.458,"NOAA GFS 0.25 degree forecast archive on AWS, 00z run, TMP 2 m above ground"
actual-heating-cold-3,2022-01-29,2022-01-29,2022-01-29,2022-01-22,2022-01-29,7,rumor,ncep-gfs-global-00z-noaa-aws,-0.239,0.0,0,1.06,18,0|6|12|18,false,-8.583,-6.631,"NOAA GFS 0.25 degree forecast archive on AWS, 00z run, TMP 2 m above ground"
actual-heating-cold-3,2022-01-29,2022-01-29,2022-01-29,2022-01-21,2022-01-29,8,rumor,ncep-gfs-global-00z-noaa-aws,-1.639,0.0,0,1.06,18,0|6|12|18,false,-8.583,-6.631,"NOAA GFS 0.25 degree forecast archive on AWS, 00z run, TMP 2 m above ground"
actual-heating-cold-3,2022-01-29,2022-01-29,2022-01-29,2022-01-20,2022-01-29,9,rumor,ncep-gfs-global-00z-noaa-aws,-0.479,0.0,0,1.06,18,0|6|12|18,false,-8.583,-6.631,"NOAA GFS 0.25 degree forecast archive on AWS, 00z run, TMP 2 m above ground"
actual-heating-cold-3,2022-01-29,2022-01-29,2022-01-29,2022-01-19,2022-01-29,10,rumor,ncep-gfs-global-00z-noaa-aws,-2.045,0.0,0,1.06,18,0|6|12|18,false,-8.583,-6.631,"NOAA GFS 0.25 degree forecast archive on AWS, 00z run, TMP 2 m above ground"
actual-heating-cold-4,2022-03-12,2022-03-12,2022-03-12,2022-03-11,2022-03-12,1,selloff,ncep-gfs-global-00z-noaa-aws,-8.217,0.566,9,1.06,18,0|6|12|18,true,4.48,4.374,"NOAA GFS 0.25 degree forecast archive on AWS, 00z run, TMP 2 m above ground"
actual-heating-cold-4,2022-03-12,2022-03-12,2022-03-12,2022-03-10,2022-03-12,2,selloff,ncep-gfs-global-00z-noaa-aws,-6.109,0.462,8,1.06,18,0|6|12|18,false,4.48,4.374,"NOAA GFS 0.25 degree forecast archive on AWS, 00z run, TMP 2 m above ground"
actual-heating-cold-4,2022-03-12,2022-03-12,2022-03-12,2022-03-09,2022-03-12,3,selloff,ncep-gfs-global-00z-noaa-aws,-6.009,0.462,5,1.06,18,0|6|12|18,false,4.48,4.374,"NOAA GFS 0.25 degree forecast archive on AWS, 00z run, TMP 2 m above ground"
actual-heating-cold-4,2022-03-12,2022-03-12,2022-03-12,2022-03-05,2022-03-12,7,rumor,ncep-gfs-global-00z-noaa-aws,-11.413,0.632,9,1.06,18,0|6|12|18,true,7.635,9.687,"NOAA GFS 0.25 degree forecast archive on AWS, 00z run, TMP 2 m above ground"
actual-heating-cold-4,2022-03-12,2022-03-12,2022-03-12,2022-03-04,2022-03-12,8,rumor,ncep-gfs-global-00z-noaa-aws,-10.985,0.632,7,1.06,18,0|6|12|18,true,7.635,9.687,"NOAA GFS 0.25 degree forecast archive on AWS, 00z run, TMP 2 m above ground"
actual-heating-cold-4,2022-03-12,2022-03-12,2022-03-12,2022-03-03,2022-03-12,9,rumor,ncep-gfs-global-00z-noaa-aws,-6.826,0.528,9,1.06,18,0|6|12|18,false,7.635,9.687,"NOAA GFS 0.25 degree forecast archive on AWS, 00z run, TMP 2 m above ground"
actual-heating-cold-4,2022-03-12,2022-03-12,2022-03-12,2022-03-02,2022-03-12,10,rumor,ncep-gfs-global-00z-noaa-aws,-2.491,0.245,3,1.06,18,0|6|12|18,false,7.635,9.687,"NOAA GFS 0.25 degree forecast archive on AWS, 00z run, TMP 2 m above ground"
actual-heating-cold-5,2022-03-27,2022-03-28,2022-03-28,2022-03-26,2022-03-27,1,selloff,ncep-gfs-global-00z-noaa-aws,-5.687,0.396,1,1.06,18,0|6|12|18,false,8.098,6.479,"NOAA GFS 0.25 degree forecast archive on AWS, 00z run, TMP 2 m above ground"
actual-heating-cold-5,2022-03-27,2022-03-28,2022-03-28,2022-03-25,2022-03-27,2,selloff,ncep-gfs-global-00z-noaa-aws,-5.235,0.396,0,1.06,18,0|6|12|18,false,8.098,6.479,"NOAA GFS 0.25 degree forecast archive on AWS, 00z run, TMP 2 m above ground"
actual-heating-cold-5,2022-03-27,2022-03-28,2022-03-28,2022-03-24,2022-03-27,3,selloff,ncep-gfs-global-00z-noaa-aws,-4.457,0.264,0,1.06,18,0|6|12|18,false,8.098,6.479,"NOAA GFS 0.25 degree forecast archive on AWS, 00z run, TMP 2 m above ground"
actual-heating-cold-5,2022-03-27,2022-03-28,2022-03-28,2022-03-20,2022-03-27,7,rumor,ncep-gfs-global-00z-noaa-aws,-0.247,0.0,0,1.06,18,0|6|12|18,false,3.176,2.422,"NOAA GFS 0.25 degree forecast archive on AWS, 00z run, TMP 2 m above ground"
actual-heating-cold-5,2022-03-27,2022-03-28,2022-03-28,2022-03-19,2022-03-27,8,rumor,ncep-gfs-global-00z-noaa-aws,-0.166,0.0,0,1.06,18,0|6|12|18,false,3.176,2.422,"NOAA GFS 0.25 degree forecast archive on AWS, 00z run, TMP 2 m above ground"
actual-heating-cold-5,2022-03-27,2022-03-28,2022-03-28,2022-03-18,2022-03-27,9,rumor,ncep-gfs-global-00z-noaa-aws,3.629,0.0,0,1.06,18,0|6|12|18,false,3.176,2.422,"NOAA GFS 0.25 degree forecast archive on AWS, 00z run, TMP 2 m above ground"
actual-heating-cold-5,2022-03-27,2022-03-28,2022-03-28,2022-03-17,2022-03-27,10,rumor,ncep-gfs-global-00z-noaa-aws,-5.729,0.472,3,1.06,18,0|6|12|18,false,3.176,2.422,"NOAA GFS 0.25 degree forecast archive on AWS, 00z run, TMP 2 m above ground"
actual-heating-cold-6,2022-11-18,2022-11-20,2022-11-20,2022-11-17,2022-11-18,1,selloff,ncep-gfs-global-00z-noaa-aws,-9.405,0.585,4,1.06,18,0|6|12|18,true,5.533,7.349,"NOAA GFS 0.25 degree forecast archive on AWS, 00z run, TMP 2 m above ground"
actual-heating-cold-6,2022-11-18,2022-11-20,2022-11-20,2022-11-16,2022-11-18,2,selloff,ncep-gfs-global-00z-noaa-aws,-9.437,0.538,4,1.06,18,0|6|12|18,false,5.533,7.349,"NOAA GFS 0.25 degree forecast archive on AWS, 00z run, TMP 2 m above ground"
actual-heating-cold-6,2022-11-18,2022-11-20,2022-11-20,2022-11-15,2022-11-18,3,selloff,ncep-gfs-global-00z-noaa-aws,-9.852,0.585,5,1.06,18,0|6|12|18,true,5.533,7.349,"NOAA GFS 0.25 degree forecast archive on AWS, 00z run, TMP 2 m above ground"
actual-heating-cold-6,2022-11-18,2022-11-20,2022-11-20,2022-11-11,2022-11-18,7,rumor,ncep-gfs-global-00z-noaa-aws,-4.667,0.085,0,1.06,18,0|6|12|18,false,-11.705,-15.337,"NOAA GFS 0.25 degree forecast archive on AWS, 00z run, TMP 2 m above ground"
actual-heating-cold-6,2022-11-18,2022-11-20,2022-11-20,2022-11-10,2022-11-18,8,rumor,ncep-gfs-global-00z-noaa-aws,-2.599,0.283,2,1.06,18,0|6|12|18,false,-11.705,-15.337,"NOAA GFS 0.25 degree forecast archive on AWS, 00z run, TMP 2 m above ground"
actual-heating-cold-6,2022-11-18,2022-11-20,2022-11-20,2022-11-09,2022-11-18,9,rumor,ncep-gfs-global-00z-noaa-aws,-0.206,0.0,0,1.06,18,0|6|12|18,false,-11.705,-15.337,"NOAA GFS 0.25 degree forecast archive on AWS, 00z run, TMP 2 m above ground"
actual-heating-cold-6,2022-11-18,2022-11-20,2022-11-20,2022-11-08,2022-11-18,10,rumor,ncep-gfs-global-00z-noaa-aws,-5.768,0.189,0,1.06,18,0|6|12|18,false,-11.705,-15.337,"NOAA GFS 0.25 degree forecast archive on AWS, 00z run, TMP 2 m above ground"
actual-heating-cold-7,2022-12-23,2022-12-26,2022-12-24,2022-12-22,2022-12-23,1,selloff,ncep-gfs-global-00z-noaa-aws,-12.705,0.575,10,1.06,18,0|6|12|18,true,-12.167,-14.562,"NOAA GFS 0.25 degree forecast archive on AWS, 00z run, TMP 2 m above ground"
actual-heating-cold-7,2022-12-23,2022-12-26,2022-12-24,2022-12-21,2022-12-23,2,selloff,ncep-gfs-global-00z-noaa-aws,-10.163,0.528,10,1.06,18,0|6|12|18,false,-12.167,-14.562,"NOAA GFS 0.25 degree forecast archive on AWS, 00z run, TMP 2 m above ground"
actual-heating-cold-7,2022-12-23,2022-12-26,2022-12-24,2022-12-20,2022-12-23,3,selloff,ncep-gfs-global-00z-noaa-aws,-8.616,0.575,10,1.06,18,0|6|12|18,true,-12.167,-14.562,"NOAA GFS 0.25 degree forecast archive on AWS, 00z run, TMP 2 m above ground"
actual-heating-cold-7,2022-12-23,2022-12-26,2022-12-24,2022-12-16,2022-12-23,7,rumor,ncep-gfs-global-00z-noaa-aws,-13.628,0.783,8,1.06,18,0|6|12|18,true,0.954,0.197,"NOAA GFS 0.25 degree forecast archive on AWS, 00z run, TMP 2 m above ground"
actual-heating-cold-7,2022-12-23,2022-12-26,2022-12-24,2022-12-15,2022-12-23,8,rumor,ncep-gfs-global-00z-noaa-aws,-12.143,0.632,6,1.06,18,0|6|12|18,true,0.954,0.197,"NOAA GFS 0.25 degree forecast archive on AWS, 00z run, TMP 2 m above ground"
actual-heating-cold-7,2022-12-23,2022-12-26,2022-12-24,2022-12-14,2022-12-23,9,rumor,ncep-gfs-global-00z-noaa-aws,-14.474,0.84,7,1.06,18,0|6|12|18,true,0.954,0.197,"NOAA GFS 0.25 degree forecast archive on AWS, 00z run, TMP 2 m above ground"
actual-heating-cold-7,2022-12-23,2022-12-26,2022-12-24,2022-12-13,2022-12-23,10,rumor,ncep-gfs-global-00z-noaa-aws,-3.397,0.236,0,1.06,18,0|6|12|18,false,0.954,0.197,"NOAA GFS 0.25 degree forecast archive on AWS, 00z run, TMP 2 m above ground"
actual-heating-cold-8,2023-02-03,2023-02-03,2023-02-03,2023-02-02,2023-02-03,1,selloff,ncep-gfs-global-00z-noaa-aws,-6.265,0.255,2,1.06,18,0|6|12|18,false,-8.114,-8.256,"NOAA GFS 0.25 degree forecast archive on AWS, 00z run, TMP 2 m above ground"
actual-heating-cold-8,2023-02-03,2023-02-03,2023-02-03,2023-02-01,2023-02-03,2,selloff,ncep-gfs-global-00z-noaa-aws,-5.855,0.245,2,1.06,18,0|6|12|18,false,-8.114,-8.256,"NOAA GFS 0.25 degree forecast archive on AWS, 00z run, TMP 2 m above ground"
actual-heating-cold-8,2023-02-03,2023-02-03,2023-02-03,2023-01-31,2023-02-03,3,selloff,ncep-gfs-global-00z-noaa-aws,-4.12,0.208,1,1.06,18,0|6|12|18,false,-8.114,-8.256,"NOAA GFS 0.25 degree forecast archive on AWS, 00z run, TMP 2 m above ground"
actual-heating-cold-8,2023-02-03,2023-02-03,2023-02-03,2023-01-27,2023-02-03,7,rumor,ncep-gfs-global-00z-noaa-aws,-12.12,0.755,5,1.06,18,0|6|12|18,true,-10.899,-9.806,"NOAA GFS 0.25 degree forecast archive on AWS, 00z run, TMP 2 m above ground"
actual-heating-cold-8,2023-02-03,2023-02-03,2023-02-03,2023-01-26,2023-02-03,8,rumor,ncep-gfs-global-00z-noaa-aws,4.617,0.0,0,1.06,18,0|6|12|18,false,-10.899,-9.806,"NOAA GFS 0.25 degree forecast archive on AWS, 00z run, TMP 2 m above ground"
actual-heating-cold-8,2023-02-03,2023-02-03,2023-02-03,2023-01-25,2023-02-03,9,rumor,ncep-gfs-global-00z-noaa-aws,-0.468,0.208,1,1.06,18,0|6|12|18,false,-10.899,-9.806,"NOAA GFS 0.25 degree forecast archive on AWS, 00z run, TMP 2 m above ground"
actual-heating-cold-8,2023-02-03,2023-02-03,2023-02-03,2023-01-24,2023-02-03,10,rumor,ncep-gfs-global-00z-noaa-aws,-10.004,0.736,1,1.06,18,0|6|12|18,true,-10.899,-9.806,"NOAA GFS 0.25 degree forecast archive on AWS, 00z run, TMP 2 m above ground"
actual-heating-cold-9,2023-03-18,2023-03-19,2023-03-19,2023-03-17,2023-03-18,1,selloff,ncep-gfs-global-00z-noaa-aws,-4.862,0.528,2,1.06,18,0|6|12|18,false,-8.985,-9.133,"NOAA GFS 0.25 degree forecast archive on AWS, 00z run, TMP 2 m above ground"
actual-heating-cold-9,2023-03-18,2023-03-19,2023-03-19,2023-03-16,2023-03-18,2,selloff,ncep-gfs-global-00z-noaa-aws,-5.001,0.528,3,1.06,18,0|6|12|18,false,-8.985,-9.133,"NOAA GFS 0.25 degree forecast archive on AWS, 00z run, TMP 2 m above ground"
actual-heating-cold-9,2023-03-18,2023-03-19,2023-03-19,2023-03-15,2023-03-18,3,selloff,ncep-gfs-global-00z-noaa-aws,-4.128,0.528,2,1.06,18,0|6|12|18,false,-8.985,-9.133,"NOAA GFS 0.25 degree forecast archive on AWS, 00z run, TMP 2 m above ground"
actual-heating-cold-9,2023-03-18,2023-03-19,2023-03-19,2023-03-11,2023-03-18,7,rumor,ncep-gfs-global-00z-noaa-aws,-3.809,0.462,7,1.06,18,0|6|12|18,false,-8.324,-9.565,"NOAA GFS 0.25 degree forecast archive on AWS, 00z run, TMP 2 m above ground"
actual-heating-cold-9,2023-03-18,2023-03-19,2023-03-19,2023-03-10,2023-03-18,8,rumor,ncep-gfs-global-00z-noaa-aws,-8.702,0.528,6,1.06,18,0|6|12|18,false,-8.324,-9.565,"NOAA GFS 0.25 degree forecast archive on AWS, 00z run, TMP 2 m above ground"
actual-heating-cold-9,2023-03-18,2023-03-19,2023-03-19,2023-03-09,2023-03-18,9,rumor,ncep-gfs-global-00z-noaa-aws,-8.243,0.396,3,1.06,18,0|6|12|18,false,-8.324,-9.565,"NOAA GFS 0.25 degree forecast archive on AWS, 00z run, TMP 2 m above ground"
actual-heating-cold-9,2023-03-18,2023-03-19,2023-03-19,2023-03-08,2023-03-18,10,rumor,ncep-gfs-global-00z-noaa-aws,-0.758,0.132,0,1.06,18,0|6|12|18,false,-8.324,-9.565,"NOAA GFS 0.25 degree forecast archive on AWS, 00z run, TMP 2 m above ground"
actual-heating-cold-10,2023-11-01,2023-11-01,2023-11-01,2023-10-31,2023-11-01,1,selloff,ncep-gfs-global-00z-noaa-aws,-10.172,0.613,4,1.06,18,0|6|12|18,true,4.167,12.99,"NOAA GFS 0.25 degree forecast archive on AWS, 00z run, TMP 2 m above ground"
actual-heating-cold-10,2023-11-01,2023-11-01,2023-11-01,2023-10-30,2023-11-01,2,selloff,ncep-gfs-global-00z-noaa-aws,-9.953,0.613,3,1.06,18,0|6|12|18,true,4.167,12.99,"NOAA GFS 0.25 degree forecast archive on AWS, 00z run, TMP 2 m above ground"
actual-heating-cold-10,2023-11-01,2023-11-01,2023-11-01,2023-10-29,2023-11-01,3,selloff,ncep-gfs-global-00z-noaa-aws,-9.709,0.66,3,1.06,18,0|6|12|18,true,4.167,12.99,"NOAA GFS 0.25 degree forecast archive on AWS, 00z run, TMP 2 m above ground"
actual-heating-cold-10,2023-11-01,2023-11-01,2023-11-01,2023-10-25,2023-11-01,7,rumor,ncep-gfs-global-00z-noaa-aws,-9.121,0.632,0,1.06,18,0|6|12|18,true,4.277,3.829,"NOAA GFS 0.25 degree forecast archive on AWS, 00z run, TMP 2 m above ground"
actual-heating-cold-10,2023-11-01,2023-11-01,2023-11-01,2023-10-24,2023-11-01,8,rumor,ncep-gfs-global-00z-noaa-aws,-7.839,0.462,0,1.06,18,0|6|12|18,false,4.277,3.829,"NOAA GFS 0.25 degree forecast archive on AWS, 00z run, TMP 2 m above ground"
actual-heating-cold-10,2023-11-01,2023-11-01,2023-11-01,2023-10-23,2023-11-01,9,rumor,ncep-gfs-global-00z-noaa-aws,-5.613,0.264,1,1.06,18,0|6|12|18,false,4.277,3.829,"NOAA GFS 0.25 degree forecast archive on AWS, 00z run, TMP 2 m above ground"
actual-heating-cold-10,2023-11-01,2023-11-01,2023-11-01,2023-10-22,2023-11-01,10,rumor,ncep-gfs-global-00z-noaa-aws,6.615,0.104,0,1.06,18,0|6|12|18,false,4.277,3.829,"NOAA GFS 0.25 degree forecast archive on AWS, 00z run, TMP 2 m above ground"
actual-heating-cold-11,2023-11-28,2023-11-28,2023-11-28,2023-11-27,2023-11-28,1,selloff,ncep-gfs-global-00z-noaa-aws,-7.882,0.566,1,1.06,18,0|6|12|18,false,-1.861,-2.137,"NOAA GFS 0.25 degree forecast archive on AWS, 00z run, TMP 2 m above ground"
actual-heating-cold-11,2023-11-28,2023-11-28,2023-11-28,2023-11-26,2023-11-28,2,selloff,ncep-gfs-global-00z-noaa-aws,-6.855,0.321,1,1.06,18,0|6|12|18,false,-1.861,-2.137,"NOAA GFS 0.25 degree forecast archive on AWS, 00z run, TMP 2 m above ground"
actual-heating-cold-11,2023-11-28,2023-11-28,2023-11-28,2023-11-25,2023-11-28,3,selloff,ncep-gfs-global-00z-noaa-aws,-6.252,0.321,0,1.06,18,0|6|12|18,false,-1.861,-2.137,"NOAA GFS 0.25 degree forecast archive on AWS, 00z run, TMP 2 m above ground"
actual-heating-cold-11,2023-11-28,2023-11-28,2023-11-28,2023-11-21,2023-11-28,7,rumor,ncep-gfs-global-00z-noaa-aws,-5.952,0.415,1,1.06,18,0|6|12|18,false,-4.383,-3.851,"NOAA GFS 0.25 degree forecast archive on AWS, 00z run, TMP 2 m above ground"
actual-heating-cold-11,2023-11-28,2023-11-28,2023-11-28,2023-11-20,2023-11-28,8,rumor,ncep-gfs-global-00z-noaa-aws,0.201,0.0,0,1.06,18,0|6|12|18,false,-4.383,-3.851,"NOAA GFS 0.25 degree forecast archive on AWS, 00z run, TMP 2 m above ground"
actual-heating-cold-11,2023-11-28,2023-11-28,2023-11-28,2023-11-19,2023-11-28,9,rumor,ncep-gfs-global-00z-noaa-aws,1.241,0.0,0,1.06,18,0|6|12|18,false,-4.383,-3.851,"NOAA GFS 0.25 degree forecast archive on AWS, 00z run, TMP 2 m above ground"
actual-heating-cold-11,2023-11-28,2023-11-28,2023-11-28,2023-11-18,2023-11-28,10,rumor,ncep-gfs-global-00z-noaa-aws,3.072,0.0,0,1.06,18,0|6|12|18,false,-4.383,-3.851,"NOAA GFS 0.25 degree forecast archive on AWS, 00z run, TMP 2 m above ground"
actual-heating-cold-12,2024-01-14,2024-01-17,2024-01-16,2024-01-13,2024-01-14,1,selloff,ncep-gfs-global-00z-noaa-aws,-6.094,0.415,3,1.06,18,0|6|12|18,false,10.894,9.016,"NOAA GFS 0.25 degree forecast archive on AWS, 00z run, TMP 2 m above ground"
actual-heating-cold-12,2024-01-14,2024-01-17,2024-01-16,2024-01-12,2024-01-14,2,selloff,ncep-gfs-global-00z-noaa-aws,-6.237,0.415,4,1.06,18,0|6|12|18,false,10.894,9.016,"NOAA GFS 0.25 degree forecast archive on AWS, 00z run, TMP 2 m above ground"
actual-heating-cold-12,2024-01-14,2024-01-17,2024-01-16,2024-01-11,2024-01-14,3,selloff,ncep-gfs-global-00z-noaa-aws,-6.125,0.321,3,1.06,18,0|6|12|18,false,10.894,9.016,"NOAA GFS 0.25 degree forecast archive on AWS, 00z run, TMP 2 m above ground"
actual-heating-cold-12,2024-01-14,2024-01-17,2024-01-16,2024-01-07,2024-01-14,7,rumor,ncep-gfs-global-00z-noaa-aws,-5.99,0.434,4,1.06,18,0|6|12|18,false,7.353,8.433,"NOAA GFS 0.25 degree forecast archive on AWS, 00z run, TMP 2 m above ground"
actual-heating-cold-12,2024-01-14,2024-01-17,2024-01-16,2024-01-06,2024-01-14,8,rumor,ncep-gfs-global-00z-noaa-aws,-7.865,0.481,4,1.06,18,0|6|12|18,false,7.353,8.433,"NOAA GFS 0.25 degree forecast archive on AWS, 00z run, TMP 2 m above ground"
actual-heating-cold-12,2024-01-14,2024-01-17,2024-01-16,2024-01-05,2024-01-14,9,rumor,ncep-gfs-global-00z-noaa-aws,6.186,0.038,0,1.06,18,0|6|12|18,false,7.353,8.433,"NOAA GFS 0.25 degree forecast archive on AWS, 00z run, TMP 2 m above ground"
actual-heating-cold-12,2024-01-14,2024-01-17,2024-01-16,2024-01-04,2024-01-14,10,rumor,ncep-gfs-global-00z-noaa-aws,3.675,0.047,0,1.06,18,0|6|12|18,false,7.353,8.433,"NOAA GFS 0.25 degree forecast archive on AWS, 00z run, TMP 2 m above ground"
actual-heating-cold-13,2024-01-20,2024-01-20,2024-01-20,2024-01-19,2024-01-20,1,selloff,ncep-gfs-global-00z-noaa-aws,-11.999,0.745,6,1.06,18,0|6|12|18,true,-10.035,-13.138,"NOAA GFS 0.25 degree forecast archive on AWS, 00z run, TMP 2 m above ground"
actual-heating-cold-13,2024-01-20,2024-01-20,2024-01-20,2024-01-18,2024-01-20,2,selloff,ncep-gfs-global-00z-noaa-aws,-12.198,0.726,7,1.06,18,0|6|12|18,true,-10.035,-13.138,"NOAA GFS 0.25 degree forecast archive on AWS, 00z run, TMP 2 m above ground"
actual-heating-cold-13,2024-01-20,2024-01-20,2024-01-20,2024-01-17,2024-01-20,3,selloff,ncep-gfs-global-00z-noaa-aws,-12.793,0.67,8,1.06,18,0|6|12|18,true,-10.035,-13.138,"NOAA GFS 0.25 degree forecast archive on AWS, 00z run, TMP 2 m above ground"
actual-heating-cold-13,2024-01-20,2024-01-20,2024-01-20,2024-01-13,2024-01-20,7,rumor,ncep-gfs-global-00z-noaa-aws,-8.252,0.462,6,1.06,18,0|6|12|18,false,5.247,3.856,"NOAA GFS 0.25 degree forecast archive on AWS, 00z run, TMP 2 m above ground"
actual-heating-cold-13,2024-01-20,2024-01-20,2024-01-20,2024-01-12,2024-01-20,8,rumor,ncep-gfs-global-00z-noaa-aws,-14.364,0.84,8,1.06,18,0|6|12|18,true,5.247,3.856,"NOAA GFS 0.25 degree forecast archive on AWS, 00z run, TMP 2 m above ground"
actual-heating-cold-13,2024-01-20,2024-01-20,2024-01-20,2024-01-11,2024-01-20,9,rumor,ncep-gfs-global-00z-noaa-aws,-10.545,0.462,8,1.06,18,0|6|12|18,false,5.247,3.856,"NOAA GFS 0.25 degree forecast archive on AWS, 00z run, TMP 2 m above ground"
actual-heating-cold-13,2024-01-20,2024-01-20,2024-01-20,2024-01-10,2024-01-20,10,rumor,ncep-gfs-global-00z-noaa-aws,-8.752,0.462,4,1.06,18,0|6|12|18,false,5.247,3.856,"NOAA GFS 0.25 degree forecast archive on AWS, 00z run, TMP 2 m above ground"
actual-heating-cold-14,2024-11-30,2024-12-02,2024-11-30,2024-11-29,2024-11-30,1,selloff,ncep-gfs-global-00z-noaa-aws,-8.435,0.679,1,1.06,18,0|6|12|18,true,-4.31,-1.982,"NOAA GFS 0.25 degree forecast archive on AWS, 00z run, TMP 2 m above ground"
actual-heating-cold-14,2024-11-30,2024-12-02,2024-11-30,2024-11-28,2024-11-30,2,selloff,ncep-gfs-global-00z-noaa-aws,-7.248,0.415,1,1.06,18,0|6|12|18,false,-4.31,-1.982,"NOAA GFS 0.25 degree forecast archive on AWS, 00z run, TMP 2 m above ground"
actual-heating-cold-14,2024-11-30,2024-12-02,2024-11-30,2024-11-27,2024-11-30,3,selloff,ncep-gfs-global-00z-noaa-aws,-7.255,0.34,1,1.06,18,0|6|12|18,false,-4.31,-1.982,"NOAA GFS 0.25 degree forecast archive on AWS, 00z run, TMP 2 m above ground"
actual-heating-cold-14,2024-11-30,2024-12-02,2024-11-30,2024-11-23,2024-11-30,7,rumor,ncep-gfs-global-00z-noaa-aws,-5.031,0.189,0,1.06,18,0|6|12|18,false,3.172,4.37,"NOAA GFS 0.25 degree forecast archive on AWS, 00z run, TMP 2 m above ground"
actual-heating-cold-14,2024-11-30,2024-12-02,2024-11-30,2024-11-22,2024-11-30,8,rumor,ncep-gfs-global-00z-noaa-aws,-5.412,0.245,0,1.06,18,0|6|12|18,false,3.172,4.37,"NOAA GFS 0.25 degree forecast archive on AWS, 00z run, TMP 2 m above ground"
actual-heating-cold-14,2024-11-30,2024-12-02,2024-11-30,2024-11-21,2024-11-30,9,rumor,ncep-gfs-global-00z-noaa-aws,-4.964,0.189,0,1.06,18,0|6|12|18,false,3.172,4.37,"NOAA GFS 0.25 degree forecast archive on AWS, 00z run, TMP 2 m above ground"
actual-heating-cold-14,2024-11-30,2024-12-02,2024-11-30,2024-11-20,2024-11-30,10,rumor,ncep-gfs-global-00z-noaa-aws,-5.3,0.302,0,1.06,18,0|6|12|18,false,3.172,4.37,"NOAA GFS 0.25 degree forecast archive on AWS, 00z run, TMP 2 m above ground"
actual-heating-cold-15,2025-01-09,2025-01-09,2025-01-09,2025-01-08,2025-01-09,1,selloff,ncep-gfs-global-00z-noaa-aws,-7.692,0.538,2,1.06,18,0|6|12|18,false,9.75,8.855,"NOAA GFS 0.25 degree forecast archive on AWS, 00z run, TMP 2 m above ground"
actual-heating-cold-15,2025-01-09,2025-01-09,2025-01-09,2025-01-07,2025-01-09,2,selloff,ncep-gfs-global-00z-noaa-aws,-7.062,0.387,1,1.06,18,0|6|12|18,false,9.75,8.855,"NOAA GFS 0.25 degree forecast archive on AWS, 00z run, TMP 2 m above ground"
actual-heating-cold-15,2025-01-09,2025-01-09,2025-01-09,2025-01-06,2025-01-09,3,selloff,ncep-gfs-global-00z-noaa-aws,-8.245,0.481,2,1.06,18,0|6|12|18,false,9.75,8.855,"NOAA GFS 0.25 degree forecast archive on AWS, 00z run, TMP 2 m above ground"
actual-heating-cold-15,2025-01-09,2025-01-09,2025-01-09,2025-01-02,2025-01-09,7,rumor,ncep-gfs-global-00z-noaa-aws,-7.892,0.415,3,1.06,18,0|6|12|18,false,7.931,4.155,"NOAA GFS 0.25 degree forecast archive on AWS, 00z run, TMP 2 m above ground"
actual-heating-cold-15,2025-01-09,2025-01-09,2025-01-09,2025-01-01,2025-01-09,8,rumor,ncep-gfs-global-00z-noaa-aws,-9.599,0.566,4,1.06,18,0|6|12|18,true,7.931,4.155,"NOAA GFS 0.25 degree forecast archive on AWS, 00z run, TMP 2 m above ground"
actual-heating-cold-15,2025-01-09,2025-01-09,2025-01-09,2024-12-31,2025-01-09,9,rumor,ncep-gfs-global-00z-noaa-aws,-9.82,0.528,6,1.06,18,0|6|12|18,false,7.931,4.155,"NOAA GFS 0.25 degree forecast archive on AWS, 00z run, TMP 2 m above ground"
actual-heating-cold-15,2025-01-09,2025-01-09,2025-01-09,2024-12-30,2025-01-09,10,rumor,ncep-gfs-global-00z-noaa-aws,-11.109,0.745,6,1.06,18,0|6|12|18,true,7.931,4.155,"NOAA GFS 0.25 degree forecast archive on AWS, 00z run, TMP 2 m above ground"
actual-heating-cold-16,2025-01-20,2025-01-22,2025-01-21,2025-01-19,2025-01-20,1,selloff,ncep-gfs-global-00z-noaa-aws,-11.603,0.745,8,1.06,18,0|6|12|18,true,-8.024,-7.28,"NOAA GFS 0.25 degree forecast archive on AWS, 00z run, TMP 2 m above ground"
actual-heating-cold-16,2025-01-20,2025-01-22,2025-01-21,2025-01-18,2025-01-20,2,selloff,ncep-gfs-global-00z-noaa-aws,-12.487,0.802,6,1.06,18,0|6|12|18,true,-8.024,-7.28,"NOAA GFS 0.25 degree forecast archive on AWS, 00z run, TMP 2 m above ground"
actual-heating-cold-16,2025-01-20,2025-01-22,2025-01-21,2025-01-17,2025-01-20,3,selloff,ncep-gfs-global-00z-noaa-aws,-12.046,0.745,6,1.06,18,0|6|12|18,true,-8.024,-7.28,"NOAA GFS 0.25 degree forecast archive on AWS, 00z run, TMP 2 m above ground"
actual-heating-cold-16,2025-01-20,2025-01-22,2025-01-21,2025-01-13,2025-01-20,7,rumor,ncep-gfs-global-00z-noaa-aws,-4.534,0.462,4,1.06,18,0|6|12|18,false,6.487,6.296,"NOAA GFS 0.25 degree forecast archive on AWS, 00z run, TMP 2 m above ground"
actual-heating-cold-16,2025-01-20,2025-01-22,2025-01-21,2025-01-12,2025-01-20,8,rumor,ncep-gfs-global-00z-noaa-aws,-9.298,0.462,2,1.06,18,0|6|12|18,false,6.487,6.296,"NOAA GFS 0.25 degree forecast archive on AWS, 00z run, TMP 2 m above ground"
actual-heating-cold-16,2025-01-20,2025-01-22,2025-01-21,2025-01-11,2025-01-20,9,rumor,ncep-gfs-global-00z-noaa-aws,-8.588,0.462,1,1.06,18,0|6|12|18,false,6.487,6.296,"NOAA GFS 0.25 degree forecast archive on AWS, 00z run, TMP 2 m above ground"
actual-heating-cold-16,2025-01-20,2025-01-22,2025-01-21,2025-01-10,2025-01-20,10,rumor,ncep-gfs-global-00z-noaa-aws,-7.758,0.434,5,1.06,18,0|6|12|18,false,6.487,6.296,"NOAA GFS 0.25 degree forecast archive on AWS, 00z run, TMP 2 m above ground"
actual-heating-cold-17,2025-02-18,2025-02-22,2025-02-20,2025-02-17,2025-02-18,1,selloff,ncep-gfs-global-00z-noaa-aws,-12.797,0.689,7,1.06,18,0|6|12|18,true,0,0,"NOAA GFS 0.25 degree forecast archive on AWS, 00z run, TMP 2 m above ground"
actual-heating-cold-17,2025-02-18,2025-02-22,2025-02-20,2025-02-16,2025-02-18,2,selloff,ncep-gfs-global-00z-noaa-aws,-11.952,0.689,7,1.06,18,0|6|12|18,true,0,0,"NOAA GFS 0.25 degree forecast archive on AWS, 00z run, TMP 2 m above ground"
actual-heating-cold-17,2025-02-18,2025-02-22,2025-02-20,2025-02-15,2025-02-18,3,selloff,ncep-gfs-global-00z-noaa-aws,-11.928,0.642,7,1.06,18,0|6|12|18,true,0,0,"NOAA GFS 0.25 degree forecast archive on AWS, 00z run, TMP 2 m above ground"
actual-heating-cold-17,2025-02-18,2025-02-22,2025-02-20,2025-02-11,2025-02-18,7,rumor,ncep-gfs-global-00z-noaa-aws,-11.296,0.708,4,1.06,18,0|6|12|18,true,6.293,6.346,"NOAA GFS 0.25 degree forecast archive on AWS, 00z run, TMP 2 m above ground"
actual-heating-cold-17,2025-02-18,2025-02-22,2025-02-20,2025-02-10,2025-02-18,8,rumor,ncep-gfs-global-00z-noaa-aws,-9.87,0.736,2,1.06,18,0|6|12|18,true,6.293,6.346,"NOAA GFS 0.25 degree forecast archive on AWS, 00z run, TMP 2 m above ground"
actual-heating-cold-17,2025-02-18,2025-02-22,2025-02-20,2025-02-09,2025-02-18,9,rumor,ncep-gfs-global-00z-noaa-aws,-12.07,0.679,6,1.06,18,0|6|12|18,true,6.293,6.346,"NOAA GFS 0.25 degree forecast archive on AWS, 00z run, TMP 2 m above ground"
actual-heating-cold-17,2025-02-18,2025-02-22,2025-02-20,2025-02-08,2025-02-18,10,rumor,ncep-gfs-global-00z-noaa-aws,-7.866,0.453,2,1.06,18,0|6|12|18,false,6.293,6.346,"NOAA GFS 0.25 degree forecast archive on AWS, 00z run, TMP 2 m above ground"
actual-heating-cold-18,2025-11-10,2025-11-11,2025-11-10,2025-11-09,2025-11-10,1,selloff,ncep-gfs-global-00z-noaa-aws,-5.171,0.519,4,1.06,18,0|6|12|18,false,-1.553,-0.964,"NOAA GFS 0.25 degree forecast archive on AWS, 00z run, TMP 2 m above ground"
actual-heating-cold-18,2025-11-10,2025-11-11,2025-11-10,2025-11-08,2025-11-10,2,selloff,ncep-gfs-global-00z-noaa-aws,-5.968,0.519,2,1.06,18,0|6|12|18,false,-1.553,-0.964,"NOAA GFS 0.25 degree forecast archive on AWS, 00z run, TMP 2 m above ground"
actual-heating-cold-18,2025-11-10,2025-11-11,2025-11-10,2025-11-07,2025-11-10,3,selloff,ncep-gfs-global-00z-noaa-aws,-5.015,0.472,1,1.06,18,0|6|12|18,false,-1.553,-0.964,"NOAA GFS 0.25 degree forecast archive on AWS, 00z run, TMP 2 m above ground"
actual-heating-cold-18,2025-11-10,2025-11-11,2025-11-10,2025-11-03,2025-11-10,7,rumor,ncep-gfs-global-00z-noaa-aws,-4.908,0.358,0,1.06,18,0|6|12|18,false,7.332,7.836,"NOAA GFS 0.25 degree forecast archive on AWS, 00z run, TMP 2 m above ground"
actual-heating-cold-18,2025-11-10,2025-11-11,2025-11-10,2025-11-02,2025-11-10,8,rumor,ncep-gfs-global-00z-noaa-aws,-3.817,0.151,0,1.06,18,0|6|12|18,false,7.332,7.836,"NOAA GFS 0.25 degree forecast archive on AWS, 00z run, TMP 2 m above ground"
actual-heating-cold-18,2025-11-10,2025-11-11,2025-11-10,2025-11-01,2025-11-10,9,rumor,ncep-gfs-global-00z-noaa-aws,7.26,0.0,0,1.06,18,0|6|12|18,false,7.332,7.836,"NOAA GFS 0.25 degree forecast archive on AWS, 00z run, TMP 2 m above ground"
actual-heating-cold-18,2025-11-10,2025-11-11,2025-11-10,2025-10-31,2025-11-10,10,rumor,ncep-gfs-global-00z-noaa-aws,1.199,0.0,0,1.06,18,0|6|12|18,false,7.332,7.836,"NOAA GFS 0.25 degree forecast archive on AWS, 00z run, TMP 2 m above ground"
actual-heating-cold-19,2025-12-04,2025-12-05,2025-12-04,2025-12-03,2025-12-04,1,selloff,ncep-gfs-global-00z-noaa-aws,-7.752,0.387,4,1.06,18,0|6|12|18,false,5.024,2.99,"NOAA GFS 0.25 degree forecast archive on AWS, 00z run, TMP 2 m above ground"
actual-heating-cold-19,2025-12-04,2025-12-05,2025-12-04,2025-12-02,2025-12-04,2,selloff,ncep-gfs-global-00z-noaa-aws,-7.427,0.387,3,1.06,18,0|6|12|18,false,5.024,2.99,"NOAA GFS 0.25 degree forecast archive on AWS, 00z run, TMP 2 m above ground"
actual-heating-cold-19,2025-12-04,2025-12-05,2025-12-04,2025-12-01,2025-12-04,3,selloff,ncep-gfs-global-00z-noaa-aws,-7.377,0.34,4,1.06,18,0|6|12|18,false,5.024,2.99,"NOAA GFS 0.25 degree forecast archive on AWS, 00z run, TMP 2 m above ground"
actual-heating-cold-19,2025-12-04,2025-12-05,2025-12-04,2025-11-27,2025-12-04,7,rumor,ncep-gfs-global-00z-noaa-aws,-3.925,0.226,0,1.06,18,0|6|12|18,false,-2.73,-0.48,"NOAA GFS 0.25 degree forecast archive on AWS, 00z run, TMP 2 m above ground"
actual-heating-cold-19,2025-12-04,2025-12-05,2025-12-04,2025-11-26,2025-12-04,8,rumor,ncep-gfs-global-00z-noaa-aws,-7.499,0.528,1,1.06,18,0|6|12|18,false,-2.73,-0.48,"NOAA GFS 0.25 degree forecast archive on AWS, 00z run, TMP 2 m above ground"
actual-heating-cold-19,2025-12-04,2025-12-05,2025-12-04,2025-11-25,2025-12-04,9,rumor,ncep-gfs-global-00z-noaa-aws,-9.82,0.604,5,1.06,18,0|6|12|18,true,-2.73,-0.48,"NOAA GFS 0.25 degree forecast archive on AWS, 00z run, TMP 2 m above ground"
actual-heating-cold-19,2025-12-04,2025-12-05,2025-12-04,2025-11-24,2025-12-04,10,rumor,ncep-gfs-global-00z-noaa-aws,3.945,0.066,0,1.06,18,0|6|12|18,false,-2.73,-0.48,"NOAA GFS 0.25 degree forecast archive on AWS, 00z run, TMP 2 m above ground"
actual-heating-cold-20,2025-12-14,2025-12-15,2025-12-14,2025-12-13,2025-12-14,1,selloff,ncep-gfs-global-00z-noaa-aws,-10.459,0.575,7,1.06,18,0|6|12|18,true,-10.729,-10.49,"NOAA GFS 0.25 degree forecast archive on AWS, 00z run, TMP 2 m above ground"
actual-heating-cold-20,2025-12-14,2025-12-15,2025-12-14,2025-12-12,2025-12-14,2,selloff,ncep-gfs-global-00z-noaa-aws,-10.357,0.575,7,1.06,18,0|6|12|18,true,-10.729,-10.49,"NOAA GFS 0.25 degree forecast archive on AWS, 00z run, TMP 2 m above ground"
actual-heating-cold-20,2025-12-14,2025-12-15,2025-12-14,2025-12-11,2025-12-14,3,selloff,ncep-gfs-global-00z-noaa-aws,-10.86,0.575,7,1.06,18,0|6|12|18,true,-10.729,-10.49,"NOAA GFS 0.25 degree forecast archive on AWS, 00z run, TMP 2 m above ground"
actual-heating-cold-20,2025-12-14,2025-12-15,2025-12-14,2025-12-07,2025-12-14,7,rumor,ncep-gfs-global-00z-noaa-aws,-13.716,0.887,8,1.06,18,0|6|12|18,true,5.818,5.886,"NOAA GFS 0.25 degree forecast archive on AWS, 00z run, TMP 2 m above ground"
actual-heating-cold-20,2025-12-14,2025-12-15,2025-12-14,2025-12-06,2025-12-14,8,rumor,ncep-gfs-global-00z-noaa-aws,-13.197,0.868,8,1.06,18,0|6|12|18,true,5.818,5.886,"NOAA GFS 0.25 degree forecast archive on AWS, 00z run, TMP 2 m above ground"
actual-heating-cold-20,2025-12-14,2025-12-15,2025-12-14,2025-12-05,2025-12-14,9,rumor,ncep-gfs-global-00z-noaa-aws,-4.016,0.151,0,1.06,18,0|6|12|18,false,5.818,5.886,"NOAA GFS 0.25 degree forecast archive on AWS, 00z run, TMP 2 m above ground"
actual-heating-cold-20,2025-12-14,2025-12-15,2025-12-14,2025-12-04,2025-12-14,10,rumor,ncep-gfs-global-00z-noaa-aws,-0.141,0.0,0,1.06,18,0|6|12|18,false,5.818,5.886,"NOAA GFS 0.25 degree forecast archive on AWS, 00z run, TMP 2 m above ground"
actual-heating-cold-21,2026-01-24,2026-02-01,2026-01-26,2026-01-23,2026-01-24,1,selloff,ncep-gfs-global-00z-noaa-aws,-14.689,0.802,10,1.06,18,0|6|12|18,true,12.935,35.014,"NOAA GFS 0.25 degree forecast archive on AWS, 00z run, TMP 2 m above ground"
actual-heating-cold-21,2026-01-24,2026-02-01,2026-01-26,2026-01-22,2026-01-24,2,selloff,ncep-gfs-global-00z-noaa-aws,-14.513,0.802,11,1.06,18,0|6|12|18,true,12.935,35.014,"NOAA GFS 0.25 degree forecast archive on AWS, 00z run, TMP 2 m above ground"
actual-heating-cold-21,2026-01-24,2026-02-01,2026-01-26,2026-01-21,2026-01-24,3,selloff,ncep-gfs-global-00z-noaa-aws,-16.238,0.887,13,1.06,18,0|6|12|18,true,12.935,35.014,"NOAA GFS 0.25 degree forecast archive on AWS, 00z run, TMP 2 m above ground"
actual-heating-cold-21,2026-01-24,2026-02-01,2026-01-26,2026-01-17,2026-01-24,7,rumor,ncep-gfs-global-00z-noaa-aws,-0.819,0.208,1,1.06,18,0|6|12|18,false,-8.746,-9.242,"NOAA GFS 0.25 degree forecast archive on AWS, 00z run, TMP 2 m above ground"
actual-heating-cold-21,2026-01-24,2026-02-01,2026-01-26,2026-01-16,2026-01-24,8,rumor,ncep-gfs-global-00z-noaa-aws,2.182,0.0,0,1.06,18,0|6|12|18,false,-8.746,-9.242,"NOAA GFS 0.25 degree forecast archive on AWS, 00z run, TMP 2 m above ground"
actual-heating-cold-21,2026-01-24,2026-02-01,2026-01-26,2026-01-15,2026-01-24,9,rumor,ncep-gfs-global-00z-noaa-aws,8.229,0.0,0,1.06,18,0|6|12|18,false,-8.746,-9.242,"NOAA GFS 0.25 degree forecast archive on AWS, 00z run, TMP 2 m above ground"
actual-heating-cold-21,2026-01-24,2026-02-01,2026-01-26,2026-01-14,2026-01-24,10,rumor,ncep-gfs-global-00z-noaa-aws,0.578,0.104,0,1.06,18,0|6|12|18,false,-8.746,-9.242,"NOAA GFS 0.25 degree forecast archive on AWS, 00z run, TMP 2 m above ground"
actual-heating-cold-22,2026-03-17,2026-03-17,2026-03-17,2026-03-16,2026-03-17,1,selloff,ncep-gfs-global-00z-noaa-aws,-10.095,0.679,9,1.06,18,0|6|12|18,true,-3.402,-3.449,"NOAA GFS 0.25 degree forecast archive on AWS, 00z run, TMP 2 m above ground"
actual-heating-cold-22,2026-03-17,2026-03-17,2026-03-17,2026-03-15,2026-03-17,2,selloff,ncep-gfs-global-00z-noaa-aws,-11.275,0.717,9,1.06,18,0|6|12|18,true,-3.402,-3.449,"NOAA GFS 0.25 degree forecast archive on AWS, 00z run, TMP 2 m above ground"
actual-heating-cold-22,2026-03-17,2026-03-17,2026-03-17,2026-03-14,2026-03-17,3,selloff,ncep-gfs-global-00z-noaa-aws,-12.074,0.717,8,1.06,18,0|6|12|18,true,-3.402,-3.449,"NOAA GFS 0.25 degree forecast archive on AWS, 00z run, TMP 2 m above ground"
actual-heating-cold-22,2026-03-17,2026-03-17,2026-03-17,2026-03-10,2026-03-17,7,rumor,ncep-gfs-global-00z-noaa-aws,-13.384,0.783,11,1.06,18,0|6|12|18,true,-3.765,-5.21,"NOAA GFS 0.25 degree forecast archive on AWS, 00z run, TMP 2 m above ground"
actual-heating-cold-22,2026-03-17,2026-03-17,2026-03-17,2026-03-09,2026-03-17,8,rumor,ncep-gfs-global-00z-noaa-aws,-8.668,0.67,1,1.06,18,0|6|12|18,true,-3.765,-5.21,"NOAA GFS 0.25 degree forecast archive on AWS, 00z run, TMP 2 m above ground"
actual-heating-cold-22,2026-03-17,2026-03-17,2026-03-17,2026-03-08,2026-03-17,9,rumor,ncep-gfs-global-00z-noaa-aws,-6.116,0.34,0,1.06,18,0|6|12|18,false,-3.765,-5.21,"NOAA GFS 0.25 degree forecast archive on AWS, 00z run, TMP 2 m above ground"
actual-heating-cold-22,2026-03-17,2026-03-17,2026-03-17,2026-03-07,2026-03-17,10,rumor,ncep-gfs-global-00z-noaa-aws,-6.657,0.443,0,1.06,18,0|6|12|18,false,-3.765,-5.21,"NOAA GFS 0.25 degree forecast archive on AWS, 00z run, TMP 2 m above ground"
