windowSet,eventId,windowId,windowStartDate,windowEndDate,eventStartDate,eventEndDate,eventPeakDate,minWeightedAnomalyF,maxCoveragePct,qualifyingDays,symbol,priorTradeDate,firstTradeDate,lastTradeDate,tradingDays,priorClose,firstClose,lastClose,returnPctPrevCloseToEnd,returnPctFirstCloseToEnd,tradeQuestion
heating-season-events,actual-heating-cold-1,rumor,2021-02-07,2021-02-10,2021-02-17,2021-02-17,2021-02-17,-12.39,0.566,1,UNG,2021-02-05,2021-02-08,2021-02-10,3,42.119999,42.360001,43.400002,3.039,2.455,Did broad 7-10 day forecast cold bid UNG before the event?
heating-season-events,actual-heating-cold-1,rumor,2021-02-07,2021-02-10,2021-02-17,2021-02-17,2021-02-17,-12.39,0.566,1,NG=F,2021-02-05,2021-02-08,2021-02-10,3,2.863,2.882,2.911,1.677,1.006,Did broad 7-10 day forecast cold bid UNG before the event?
heating-season-events,actual-heating-cold-1,selloff,2021-02-14,2021-02-16,2021-02-17,2021-02-17,2021-02-17,-12.39,0.566,1,UNG,2021-02-12,2021-02-16,2021-02-16,1,42.68,44.400002,44.400002,4.03,0,Did UNG fade in the 1-3 day buy-the-rumor/sell-the-news window?
heating-season-events,actual-heating-cold-1,selloff,2021-02-14,2021-02-16,2021-02-17,2021-02-17,2021-02-17,-12.39,0.566,1,NG=F,2021-02-12,2021-02-16,2021-02-16,1,2.912,3.129,3.129,7.452,0,Did UNG fade in the 1-3 day buy-the-rumor/sell-the-news window?
heating-season-events,actual-heating-cold-1,event,2021-02-17,2021-02-17,2021-02-17,2021-02-17,2021-02-17,-12.39,0.566,1,UNG,2021-02-16,2021-02-17,2021-02-17,1,44.400002,45.200001,45.200001,1.802,0,What happened while the actual cold event was present?
heating-season-events,actual-heating-cold-1,event,2021-02-17,2021-02-17,2021-02-17,2021-02-17,2021-02-17,-12.39,0.566,1,NG=F,2021-02-16,2021-02-17,2021-02-17,1,3.129,3.219,3.219,2.876,0,What happened while the actual cold event was present?
heating-season-events,actual-heating-cold-2,rumor,2021-02-09,2021-02-12,2021-02-19,2021-02-20,2021-02-20,-12.86,0.84,2,UNG,2021-02-08,2021-02-09,2021-02-12,4,42.360001,41.240002,42.68,0.755,3.492,Did broad 7-10 day forecast cold bid UNG before the event?
heating-season-events,actual-heating-cold-2,rumor,2021-02-09,2021-02-12,2021-02-19,2021-02-20,2021-02-20,-12.86,0.84,2,NG=F,2021-02-08,2021-02-09,2021-02-12,4,2.882,2.835,2.912,1.041,2.716,Did broad 7-10 day forecast cold bid UNG before the event?
heating-season-events,actual-heating-cold-2,selloff,2021-02-16,2021-02-18,2021-02-19,2021-02-20,2021-02-20,-12.86,0.84,2,UNG,2021-02-12,2021-02-16,2021-02-18,3,42.68,44.400002,43.959999,2.999,-0.991,Did UNG fade in the 1-3 day buy-the-rumor/sell-the-news window?
heating-season-events,actual-heating-cold-2,selloff,2021-02-16,2021-02-18,2021-02-19,2021-02-20,2021-02-20,-12.86,0.84,2,NG=F,2021-02-12,2021-02-16,2021-02-18,3,2.912,3.129,3.082,5.838,-1.502,Did UNG fade in the 1-3 day buy-the-rumor/sell-the-news window?
heating-season-events,actual-heating-cold-2,event,2021-02-19,2021-02-20,2021-02-19,2021-02-20,2021-02-20,-12.86,0.84,2,UNG,2021-02-18,2021-02-19,2021-02-19,1,43.959999,44.639999,44.639999,1.547,0,What happened while the actual cold event was present?
heating-season-events,actual-heating-cold-2,event,2021-02-19,2021-02-20,2021-02-19,2021-02-20,2021-02-20,-12.86,0.84,2,NG=F,2021-02-18,2021-02-19,2021-02-19,1,3.082,3.069,3.069,-0.422,0,What happened while the actual cold event was present?
heating-season-events,actual-heating-cold-3,rumor,2022-01-19,2022-01-22,2022-01-29,2022-01-29,2022-01-29,-8.31,0.755,1,UNG,2022-01-18,2022-01-19,2022-01-21,3,57.32,53.799999,52.400002,-8.583,-2.602,Did broad 7-10 day forecast cold bid UNG before the event?
heating-season-events,actual-heating-cold-3,rumor,2022-01-19,2022-01-22,2022-01-29,2022-01-29,2022-01-29,-8.31,0.755,1,NG=F,2022-01-18,2022-01-19,2022-01-21,3,4.283,4.031,3.999,-6.631,-0.794,Did broad 7-10 day forecast cold bid UNG before the event?
heating-season-events,actual-heating-cold-3,selloff,2022-01-26,2022-01-28,2022-01-29,2022-01-29,2022-01-29,-8.31,0.755,1,UNG,2022-01-25,2022-01-26,2022-01-28,3,54.279999,55.919998,65.080002,19.897,16.381,Did UNG fade in the 1-3 day buy-the-rumor/sell-the-news window?
heating-season-events,actual-heating-cold-3,selloff,2022-01-26,2022-01-28,2022-01-29,2022-01-29,2022-01-29,-8.31,0.755,1,NG=F,2022-01-25,2022-01-26,2022-01-28,3,4.053,4.277,4.639,14.458,8.464,Did UNG fade in the 1-3 day buy-the-rumor/sell-the-news window?
heating-season-events,actual-heating-cold-3,event,2022-01-29,2022-01-29,2022-01-29,2022-01-29,2022-01-29,-8.31,0.755,1,UNG,2022-01-28,2022-01-31,2022-01-28,0,65.080002,68.040001,65.080002,0,-4.35,What happened while the actual cold event was present?
heating-season-events,actual-heating-cold-3,event,2022-01-29,2022-01-29,2022-01-29,2022-01-29,2022-01-29,-8.31,0.755,1,NG=F,2022-01-28,2022-01-31,2022-01-28,0,4.639,4.874,4.639,0,-4.822,What happened while the actual cold event was present?
heating-season-events,actual-heating-cold-4,rumor,2022-03-02,2022-03-05,2022-03-12,2022-03-12,2022-03-12,-12.34,0.679,1,UNG,2022-03-01,2022-03-02,2022-03-04,3,64.440002,68.080002,69.360001,7.635,1.88,Did broad 7-10 day forecast cold bid UNG before the event?
heating-season-events,actual-heating-cold-4,rumor,2022-03-02,2022-03-05,2022-03-12,2022-03-12,2022-03-12,-12.34,0.679,1,NG=F,2022-03-01,2022-03-02,2022-03-04,3,4.573,4.762,5.016,9.687,5.334,Did broad 7-10 day forecast cold bid UNG before the event?
heating-season-events,actual-heating-cold-4,selloff,2022-03-09,2022-03-11,2022-03-12,2022-03-12,2022-03-12,-12.34,0.679,1,UNG,2022-03-08,2022-03-09,2022-03-11,3,64.279999,63.639999,67.160004,4.48,5.531,Did UNG fade in the 1-3 day buy-the-rumor/sell-the-news window?
heating-season-events,actual-heating-cold-4,selloff,2022-03-09,2022-03-11,2022-03-12,2022-03-12,2022-03-12,-12.34,0.679,1,NG=F,2022-03-08,2022-03-09,2022-03-11,3,4.527,4.526,4.725,4.374,4.397,Did UNG fade in the 1-3 day buy-the-rumor/sell-the-news window?
heating-season-events,actual-heating-cold-4,event,2022-03-12,2022-03-12,2022-03-12,2022-03-12,2022-03-12,-12.34,0.679,1,UNG,2022-03-11,2022-03-14,2022-03-11,0,67.160004,65.879997,67.160004,0,1.943,What happened while the actual cold event was present?
heating-season-events,actual-heating-cold-4,event,2022-03-12,2022-03-12,2022-03-12,2022-03-12,2022-03-12,-12.34,0.679,1,NG=F,2022-03-11,2022-03-14,2022-03-11,0,4.725,4.658,4.725,0,1.438,What happened while the actual cold event was present?
heating-season-events,actual-heating-cold-5,rumor,2022-03-17,2022-03-20,2022-03-27,2022-03-28,2022-03-28,-10.5,0.764,2,UNG,2022-03-16,2022-03-17,2022-03-18,2,66.760002,69.480003,68.879997,3.176,-0.864,Did broad 7-10 day forecast cold bid UNG before the event?
heating-season-events,actual-heating-cold-5,rumor,2022-03-17,2022-03-20,2022-03-27,2022-03-28,2022-03-28,-10.5,0.764,2,NG=F,2022-03-16,2022-03-17,2022-03-18,2,4.748,4.99,4.863,2.422,-2.545,Did broad 7-10 day forecast cold bid UNG before the event?
heating-season-events,actual-heating-cold-5,selloff,2022-03-24,2022-03-26,2022-03-27,2022-03-28,2022-03-28,-10.5,0.764,2,UNG,2022-03-23,2022-03-24,2022-03-25,2,72.120003,75.879997,77.959999,8.098,2.741,Did UNG fade in the 1-3 day buy-the-rumor/sell-the-news window?
heating-season-events,actual-heating-cold-5,selloff,2022-03-24,2022-03-26,2022-03-27,2022-03-28,2022-03-28,-10.5,0.764,2,NG=F,2022-03-23,2022-03-24,2022-03-25,2,5.232,5.401,5.571,6.479,3.148,Did UNG fade in the 1-3 day buy-the-rumor/sell-the-news window?
heating-season-events,actual-heating-cold-5,event,2022-03-27,2022-03-28,2022-03-27,2022-03-28,2022-03-28,-10.5,0.764,2,UNG,2022-03-25,2022-03-28,2022-03-28,1,77.959999,76.879997,76.879997,-1.385,0,What happened while the actual cold event was present?
heating-season-events,actual-heating-cold-5,event,2022-03-27,2022-03-28,2022-03-27,2022-03-28,2022-03-28,-10.5,0.764,2,NG=F,2022-03-25,2022-03-28,2022-03-28,1,5.571,5.508,5.508,-1.131,0,What happened while the actual cold event was present?
heating-season-events,actual-heating-cold-6,rumor,2022-11-08,2022-11-11,2022-11-18,2022-11-20,2022-11-20,-12.23,0.887,3,UNG,2022-11-07,2022-11-08,2022-11-11,4,86.800003,80.800003,76.639999,-11.705,-5.149,Did broad 7-10 day forecast cold bid UNG before the event?
heating-season-events,actual-heating-cold-6,rumor,2022-11-08,2022-11-11,2022-11-18,2022-11-20,2022-11-20,-12.23,0.887,3,NG=F,2022-11-07,2022-11-08,2022-11-11,4,6.944,6.138,5.879,-15.337,-4.22,Did broad 7-10 day forecast cold bid UNG before the event?
heating-season-events,actual-heating-cold-6,selloff,2022-11-15,2022-11-17,2022-11-18,2022-11-20,2022-11-20,-12.23,0.887,3,UNG,2022-11-14,2022-11-15,2022-11-17,3,78.080002,79.080002,82.400002,5.533,4.198,Did UNG fade in the 1-3 day buy-the-rumor/sell-the-news window?
heating-season-events,actual-heating-cold-6,selloff,2022-11-15,2022-11-17,2022-11-18,2022-11-20,2022-11-20,-12.23,0.887,3,NG=F,2022-11-14,2022-11-15,2022-11-17,3,5.933,6.034,6.369,7.349,5.552,Did UNG fade in the 1-3 day buy-the-rumor/sell-the-news window?
heating-season-events,actual-heating-cold-6,event,2022-11-18,2022-11-20,2022-11-18,2022-11-20,2022-11-20,-12.23,0.887,3,UNG,2022-11-17,2022-11-18,2022-11-18,1,82.400002,82.239998,82.239998,-0.194,0,What happened while the actual cold event was present?
heating-season-events,actual-heating-cold-6,event,2022-11-18,2022-11-20,2022-11-18,2022-11-20,2022-11-20,-12.23,0.887,3,NG=F,2022-11-17,2022-11-18,2022-11-18,1,6.369,6.303,6.303,-1.036,0,What happened while the actual cold event was present?
heating-season-events,actual-heating-cold-7,rumor,2022-12-13,2022-12-16,2022-12-23,2022-12-26,2022-12-24,-20.06,1,4,UNG,2022-12-12,2022-12-13,2022-12-16,4,79.639999,85.080002,80.400002,0.954,-5.501,Did broad 7-10 day forecast cold bid UNG before the event?
heating-season-events,actual-heating-cold-7,rumor,2022-12-13,2022-12-16,2022-12-23,2022-12-26,2022-12-24,-20.06,1,4,NG=F,2022-12-12,2022-12-13,2022-12-16,4,6.587,6.935,6.6,0.197,-4.831,Did broad 7-10 day forecast cold bid UNG before the event?
heating-season-events,actual-heating-cold-7,selloff,2022-12-20,2022-12-22,2022-12-23,2022-12-26,2022-12-24,-20.06,1,4,UNG,2022-12-19,2022-12-20,2022-12-22,3,72,66.440002,63.240002,-12.167,-4.816,Did UNG fade in the 1-3 day buy-the-rumor/sell-the-news window?
heating-season-events,actual-heating-cold-7,selloff,2022-12-20,2022-12-22,2022-12-23,2022-12-26,2022-12-24,-20.06,1,4,NG=F,2022-12-19,2022-12-20,2022-12-22,3,5.851,5.326,4.999,-14.562,-6.14,Did UNG fade in the 1-3 day buy-the-rumor/sell-the-news window?
heating-season-events,actual-heating-cold-7,event,2022-12-23,2022-12-26,2022-12-23,2022-12-26,2022-12-24,-20.06,1,4,UNG,2022-12-22,2022-12-23,2022-12-23,1,63.240002,63.639999,63.639999,0.633,0,What happened while the actual cold event was present?
heating-season-events,actual-heating-cold-7,event,2022-12-23,2022-12-26,2022-12-23,2022-12-26,2022-12-24,-20.06,1,4,NG=F,2022-12-22,2022-12-23,2022-12-23,1,4.999,5.079,5.079,1.6,0,What happened while the actual cold event was present?
heating-season-events,actual-heating-cold-8,rumor,2023-01-24,2023-01-27,2023-02-03,2023-02-03,2023-02-03,-10.82,0.726,1,UNG,2023-01-23,2023-01-24,2023-01-27,4,44.040001,41.959999,39.240002,-10.899,-6.482,Did broad 7-10 day forecast cold bid UNG before the event?
heating-season-events,actual-heating-cold-8,rumor,2023-01-24,2023-01-27,2023-02-03,2023-02-03,2023-02-03,-10.82,0.726,1,NG=F,2023-01-23,2023-01-24,2023-01-27,4,3.447,3.258,3.109,-9.806,-4.573,Did broad 7-10 day forecast cold bid UNG before the event?
heating-season-events,actual-heating-cold-8,selloff,2023-01-31,2023-02-02,2023-02-03,2023-02-03,2023-02-03,-10.82,0.726,1,UNG,2023-01-30,2023-01-31,2023-02-02,3,36.48,37.279999,33.52,-8.114,-10.086,Did UNG fade in the 1-3 day buy-the-rumor/sell-the-news window?
heating-season-events,actual-heating-cold-8,selloff,2023-01-31,2023-02-02,2023-02-03,2023-02-03,2023-02-03,-10.82,0.726,1,NG=F,2023-01-30,2023-01-31,2023-02-02,3,2.677,2.684,2.456,-8.256,-8.495,Did UNG fade in the 1-3 day buy-the-rumor/sell-the-news window?
heating-season-events,actual-heating-cold-8,event,2023-02-03,2023-02-03,2023-02-03,2023-02-03,2023-02-03,-10.82,0.726,1,UNG,2023-02-02,2023-02-03,2023-02-03,1,33.52,32.759998,32.759998,-2.267,0,What happened while the actual cold event was present?
heating-season-events,actual-heating-cold-8,event,2023-02-03,2023-02-03,2023-02-03,2023-02-03,2023-02-03,-10.82,0.726,1,NG=F,2023-02-02,2023-02-03,2023-02-03,1,2.456,2.41,2.41,-1.873,0,What happened while the actual cold event was present?
heating-season-events,actual-heating-cold-9,rumor,2023-03-08,2023-03-11,2023-03-18,2023-03-19,2023-03-19,-11.59,0.651,2,UNG,2023-03-07,2023-03-08,2023-03-10,3,35.080002,34.32,32.16,-8.324,-6.294,Did broad 7-10 day forecast cold bid UNG before the event?
heating-season-events,actual-heating-cold-9,rumor,2023-03-08,2023-03-11,2023-03-18,2023-03-19,2023-03-19,-11.59,0.651,2,NG=F,2023-03-07,2023-03-08,2023-03-10,3,2.687,2.551,2.43,-9.565,-4.743,Did broad 7-10 day forecast cold bid UNG before the event?
heating-season-events,actual-heating-cold-9,selloff,2023-03-15,2023-03-17,2023-03-18,2023-03-19,2023-03-19,-11.59,0.651,2,UNG,2023-03-14,2023-03-15,2023-03-17,3,34.279999,32.400002,31.200001,-8.985,-3.704,Did UNG fade in the 1-3 day buy-the-rumor/sell-the-news window?
heating-season-events,actual-heating-cold-9,selloff,2023-03-15,2023-03-17,2023-03-18,2023-03-19,2023-03-19,-11.59,0.651,2,NG=F,2023-03-14,2023-03-15,2023-03-17,3,2.573,2.439,2.338,-9.133,-4.141,Did UNG fade in the 1-3 day buy-the-rumor/sell-the-news window?
heating-season-events,actual-heating-cold-9,event,2023-03-18,2023-03-19,2023-03-18,2023-03-19,2023-03-19,-11.59,0.651,2,UNG,2023-03-17,2023-03-20,2023-03-17,0,31.200001,29.84,31.200001,0,4.558,What happened while the actual cold event was present?
heating-season-events,actual-heating-cold-9,event,2023-03-18,2023-03-19,2023-03-18,2023-03-19,2023-03-19,-11.59,0.651,2,NG=F,2023-03-17,2023-03-20,2023-03-17,0,2.338,2.223,2.338,0,5.173,What happened while the actual cold event was present?
heating-season-events,actual-heating-cold-10,rumor,2023-10-22,2023-10-25,2023-11-01,2023-11-01,2023-11-01,-11.47,0.811,1,UNG,2023-10-20,2023-10-23,2023-10-25,3,27.120001,27.24,28.280001,4.277,3.818,Did broad 7-10 day forecast cold bid UNG before the event?
heating-season-events,actual-heating-cold-10,rumor,2023-10-22,2023-10-25,2023-11-01,2023-11-01,2023-11-01,-11.47,0.811,1,NG=F,2023-10-20,2023-10-23,2023-10-25,3,2.899,2.926,3.01,3.829,2.871,Did broad 7-10 day forecast cold bid UNG before the event?
heating-season-events,actual-heating-cold-10,selloff,2023-10-29,2023-10-31,2023-11-01,2023-11-01,2023-11-01,-11.47,0.811,1,UNG,2023-10-27,2023-10-30,2023-10-31,2,28.799999,27.799999,30,4.167,7.914,Did UNG fade in the 1-3 day buy-the-rumor/sell-the-news window?
heating-season-events,actual-heating-cold-10,selloff,2023-10-29,2023-10-31,2023-11-01,2023-11-01,2023-11-01,-11.47,0.811,1,NG=F,2023-10-27,2023-10-30,2023-10-31,2,3.164,3.352,3.575,12.99,6.653,Did UNG fade in the 1-3 day buy-the-rumor/sell-the-news window?
heating-season-events,actual-heating-cold-10,event,2023-11-01,2023-11-01,2023-11-01,2023-11-01,2023-11-01,-11.47,0.811,1,UNG,2023-10-31,2023-11-01,2023-11-01,1,30,29.08,29.08,-3.067,0,What happened while the actual cold event was present?
heating-season-events,actual-heating-cold-10,event,2023-11-01,2023-11-01,2023-11-01,2023-11-01,2023-11-01,-11.47,0.811,1,NG=F,2023-10-31,2023-11-01,2023-11-01,1,3.575,3.494,3.494,-2.266,0,What happened while the actual cold event was present?
heating-season-events,actual-heating-cold-11,rumor,2023-11-18,2023-11-21,2023-11-28,2023-11-28,2023-11-28,-9.69,0.849,1,UNG,2023-11-17,2023-11-20,2023-11-21,2,24.639999,23.959999,23.559999,-4.383,-1.669,Did broad 7-10 day forecast cold bid UNG before the event?
heating-season-events,actual-heating-cold-11,rumor,2023-11-18,2023-11-21,2023-11-28,2023-11-28,2023-11-28,-9.69,0.849,1,NG=F,2023-11-17,2023-11-20,2023-11-21,2,2.96,2.882,2.846,-3.851,-1.249,Did broad 7-10 day forecast cold bid UNG before the event?
heating-season-events,actual-heating-cold-11,selloff,2023-11-25,2023-11-27,2023-11-28,2023-11-28,2023-11-28,-9.69,0.849,1,UNG,2023-11-24,2023-11-27,2023-11-27,1,23.639999,23.200001,23.200001,-1.861,0,Did UNG fade in the 1-3 day buy-the-rumor/sell-the-news window?
heating-season-events,actual-heating-cold-11,selloff,2023-11-25,2023-11-27,2023-11-28,2023-11-28,2023-11-28,-9.69,0.849,1,NG=F,2023-11-24,2023-11-27,2023-11-27,1,2.855,2.794,2.794,-2.137,0,Did UNG fade in the 1-3 day buy-the-rumor/sell-the-news window?
heating-season-events,actual-heating-cold-11,event,2023-11-28,2023-11-28,2023-11-28,2023-11-28,2023-11-28,-9.69,0.849,1,UNG,2023-11-27,2023-11-28,2023-11-28,1,23.200001,22.08,22.08,-4.828,0,What happened while the actual cold event was present?
heating-season-events,actual-heating-cold-11,event,2023-11-28,2023-11-28,2023-11-28,2023-11-28,2023-11-28,-9.69,0.849,1,NG=F,2023-11-27,2023-11-28,2023-11-28,1,2.794,2.706,2.706,-3.15,0,What happened while the actual cold event was present?
heating-season-events,actual-heating-cold-12,rumor,2024-01-04,2024-01-07,2024-01-14,2024-01-17,2024-01-16,-12.95,0.83,4,UNG,2024-01-03,2024-01-04,2024-01-05,2,21.76,23.08,23.360001,7.353,1.213,Did broad 7-10 day forecast cold bid UNG before the event?
heating-season-events,actual-heating-cold-12,rumor,2024-01-04,2024-01-07,2024-01-14,2024-01-17,2024-01-16,-12.95,0.83,4,NG=F,2024-01-03,2024-01-04,2024-01-05,2,2.668,2.821,2.893,8.433,2.552,Did broad 7-10 day forecast cold bid UNG before the event?
heating-season-events,actual-heating-cold-12,selloff,2024-01-11,2024-01-13,2024-01-14,2024-01-17,2024-01-16,-12.95,0.83,4,UNG,2024-01-10,2024-01-11,2024-01-12,2,24.6,25.16,27.280001,10.894,8.426,Did UNG fade in the 1-3 day buy-the-rumor/sell-the-news window?
heating-season-events,actual-heating-cold-12,selloff,2024-01-11,2024-01-13,2024-01-14,2024-01-17,2024-01-16,-12.95,0.83,4,NG=F,2024-01-10,2024-01-11,2024-01-12,2,3.039,3.097,3.313,9.016,6.974,Did UNG fade in the 1-3 day buy-the-rumor/sell-the-news window?
heating-season-events,actual-heating-cold-12,event,2024-01-14,2024-01-17,2024-01-14,2024-01-17,2024-01-16,-12.95,0.83,4,UNG,2024-01-12,2024-01-16,2024-01-17,2,27.280001,23.120001,23.280001,-14.663,0.692,What happened while the actual cold event was present?
heating-season-events,actual-heating-cold-12,event,2024-01-14,2024-01-17,2024-01-14,2024-01-17,2024-01-16,-12.95,0.83,4,NG=F,2024-01-12,2024-01-16,2024-01-17,2,3.313,2.9,2.87,-13.372,-1.034,What happened while the actual cold event was present?
heating-season-events,actual-heating-cold-13,rumor,2024-01-10,2024-01-13,2024-01-20,2024-01-20,2024-01-20,-13.87,0.887,1,UNG,2024-01-09,2024-01-10,2024-01-12,3,25.92,24.6,27.280001,5.247,10.894,Did broad 7-10 day forecast cold bid UNG before the event?
heating-season-events,actual-heating-cold-13,rumor,2024-01-10,2024-01-13,2024-01-20,2024-01-20,2024-01-20,-13.87,0.887,1,NG=F,2024-01-09,2024-01-10,2024-01-12,3,3.19,3.039,3.313,3.856,9.016,Did broad 7-10 day forecast cold bid UNG before the event?
heating-season-events,actual-heating-cold-13,selloff,2024-01-17,2024-01-19,2024-01-20,2024-01-20,2024-01-20,-13.87,0.887,1,UNG,2024-01-16,2024-01-17,2024-01-19,3,23.120001,23.280001,20.799999,-10.035,-10.653,Did UNG fade in the 1-3 day buy-the-rumor/sell-the-news window?
heating-season-events,actual-heating-cold-13,selloff,2024-01-17,2024-01-19,2024-01-20,2024-01-20,2024-01-20,-13.87,0.887,1,NG=F,2024-01-16,2024-01-17,2024-01-19,3,2.9,2.87,2.519,-13.138,-12.23,Did UNG fade in the 1-3 day buy-the-rumor/sell-the-news window?
heating-season-events,actual-heating-cold-13,event,2024-01-20,2024-01-20,2024-01-20,2024-01-20,2024-01-20,-13.87,0.887,1,UNG,2024-01-19,2024-01-22,2024-01-19,0,20.799999,19.68,20.799999,0,5.691,What happened while the actual cold event was present?
heating-season-events,actual-heating-cold-13,event,2024-01-20,2024-01-20,2024-01-20,2024-01-20,2024-01-20,-13.87,0.887,1,NG=F,2024-01-19,2024-01-22,2024-01-19,0,2.519,2.419,2.519,0,4.134,What happened while the actual cold event was present?
heating-season-events,actual-heating-cold-14,rumor,2024-11-20,2024-11-23,2024-11-30,2024-12-02,2024-11-30,-10.57,0.774,3,UNG,2024-11-19,2024-11-20,2024-11-22,3,13.87,14.75,14.31,3.172,-2.983,Did broad 7-10 day forecast cold bid UNG before the event?
heating-season-events,actual-heating-cold-14,rumor,2024-11-20,2024-11-23,2024-11-30,2024-12-02,2024-11-30,-10.57,0.774,3,NG=F,2024-11-19,2024-11-20,2024-11-22,3,2.998,3.193,3.129,4.37,-2.004,Did broad 7-10 day forecast cold bid UNG before the event?
heating-season-events,actual-heating-cold-14,selloff,2024-11-27,2024-11-29,2024-11-30,2024-12-02,2024-11-30,-10.57,0.774,3,UNG,2024-11-26,2024-11-27,2024-11-29,2,15.08,13.81,14.43,-4.31,4.489,Did UNG fade in the 1-3 day buy-the-rumor/sell-the-news window?
heating-season-events,actual-heating-cold-14,selloff,2024-11-27,2024-11-29,2024-11-30,2024-12-02,2024-11-30,-10.57,0.774,3,NG=F,2024-11-26,2024-11-27,2024-11-29,2,3.431,3.204,3.363,-1.982,4.963,Did UNG fade in the 1-3 day buy-the-rumor/sell-the-news window?
heating-season-events,actual-heating-cold-14,event,2024-11-30,2024-12-02,2024-11-30,2024-12-02,2024-11-30,-10.57,0.774,3,UNG,2024-11-29,2024-12-02,2024-12-02,1,14.43,13.88,13.88,-3.812,0,What happened while the actual cold event was present?
heating-season-events,actual-heating-cold-14,event,2024-11-30,2024-12-02,2024-11-30,2024-12-02,2024-11-30,-10.57,0.774,3,NG=F,2024-11-29,2024-12-02,2024-12-02,1,3.363,3.213,3.213,-4.46,0,What happened while the actual cold event was present?
heating-season-events,actual-heating-cold-15,rumor,2024-12-30,2025-01-02,2025-01-09,2025-01-09,2025-01-09,-8.21,0.594,1,UNG,2024-12-27,2024-12-30,2025-01-02,3,15.76,18.030001,17.01,7.931,-5.657,Did broad 7-10 day forecast cold bid UNG before the event?
heating-season-events,actual-heating-cold-15,rumor,2024-12-30,2025-01-02,2025-01-09,2025-01-09,2025-01-09,-8.21,0.594,1,NG=F,2024-12-27,2024-12-30,2025-01-02,3,3.514,3.936,3.66,4.155,-7.012,Did broad 7-10 day forecast cold bid UNG before the event?
heating-season-events,actual-heating-cold-15,selloff,2025-01-06,2025-01-08,2025-01-09,2025-01-09,2025-01-09,-8.21,0.594,1,UNG,2025-01-03,2025-01-06,2025-01-08,3,15.59,17.16,17.110001,9.75,-0.291,Did UNG fade in the 1-3 day buy-the-rumor/sell-the-news window?
heating-season-events,actual-heating-cold-15,selloff,2025-01-06,2025-01-08,2025-01-09,2025-01-09,2025-01-09,-8.21,0.594,1,NG=F,2025-01-03,2025-01-06,2025-01-08,3,3.354,3.672,3.651,8.855,-0.572,Did UNG fade in the 1-3 day buy-the-rumor/sell-the-news window?
heating-season-events,actual-heating-cold-15,event,2025-01-09,2025-01-09,2025-01-09,2025-01-09,2025-01-09,-8.21,0.594,1,UNG,2025-01-08,2025-01-10,2025-01-08,0,17.110001,18.42,17.110001,0,-7.112,What happened while the actual cold event was present?
heating-season-events,actual-heating-cold-15,event,2025-01-09,2025-01-09,2025-01-09,2025-01-09,2025-01-09,-8.21,0.594,1,NG=F,2025-01-08,2025-01-09,2025-01-09,1,3.651,3.701,3.701,1.369,0,What happened while the actual cold event was present?
heating-season-events,actual-heating-cold-16,rumor,2025-01-10,2025-01-13,2025-01-20,2025-01-22,2025-01-21,-16.05,0.943,3,UNG,2025-01-08,2025-01-10,2025-01-13,2,17.110001,18.42,18.219999,6.487,-1.086,Did broad 7-10 day forecast cold bid UNG before the event?
heating-season-events,actual-heating-cold-16,rumor,2025-01-10,2025-01-13,2025-01-20,2025-01-22,2025-01-21,-16.05,0.943,3,NG=F,2025-01-09,2025-01-10,2025-01-13,2,3.701,3.989,3.934,6.296,-1.379,Did broad 7-10 day forecast cold bid UNG before the event?
heating-season-events,actual-heating-cold-16,selloff,2025-01-17,2025-01-19,2025-01-20,2025-01-22,2025-01-21,-16.05,0.943,3,UNG,2025-01-16,2025-01-17,2025-01-17,1,19.940001,18.34,18.34,-8.024,0,Did UNG fade in the 1-3 day buy-the-rumor/sell-the-news window?
heating-season-events,actual-heating-cold-16,selloff,2025-01-17,2025-01-19,2025-01-20,2025-01-22,2025-01-21,-16.05,0.943,3,NG=F,2025-01-16,2025-01-17,2025-01-17,1,4.258,3.948,3.948,-7.28,0,Did UNG fade in the 1-3 day buy-the-rumor/sell-the-news window?
heating-season-events,actual-heating-cold-16,event,2025-01-20,2025-01-22,2025-01-20,2025-01-22,2025-01-21,-16.05,0.943,3,UNG,2025-01-17,2025-01-21,2025-01-22,2,18.34,17.73,18.540001,1.091,4.569,What happened while the actual cold event was present?
heating-season-events,actual-heating-cold-16,event,2025-01-20,2025-01-22,2025-01-20,2025-01-22,2025-01-21,-16.05,0.943,3,NG=F,2025-01-17,2025-01-21,2025-01-22,2,3.948,3.756,3.96,0.304,5.431,What happened while the actual cold event was present?
heating-season-events,actual-heating-cold-17,rumor,2025-02-08,2025-02-11,2025-02-18,2025-02-22,2025-02-20,-18.96,1,5,UNG,2025-02-07,2025-02-10,2025-02-11,2,17.48,18.209999,18.58,6.293,2.032,Did broad 7-10 day forecast cold bid UNG before the event?
heating-season-events,actual-heating-cold-17,rumor,2025-02-08,2025-02-11,2025-02-18,2025-02-22,2025-02-20,-18.96,1,5,NG=F,2025-02-07,2025-02-10,2025-02-11,2,3.309,3.444,3.519,6.346,2.178,Did broad 7-10 day forecast cold bid UNG before the event?
heating-season-events,actual-heating-cold-17,selloff,2025-02-15,2025-02-17,2025-02-18,2025-02-22,2025-02-20,-18.96,1,5,UNG,2025-02-14,2025-02-18,2025-02-14,0,19.65,20.950001,19.65,0,-6.205,Did UNG fade in the 1-3 day buy-the-rumor/sell-the-news window?
heating-season-events,actual-heating-cold-17,selloff,2025-02-15,2025-02-17,2025-02-18,2025-02-22,2025-02-20,-18.96,1,5,NG=F,2025-02-14,2025-02-18,2025-02-14,0,3.725,4.007,3.725,0,-7.038,Did UNG fade in the 1-3 day buy-the-rumor/sell-the-news window?
heating-season-events,actual-heating-cold-17,event,2025-02-18,2025-02-22,2025-02-18,2025-02-22,2025-02-20,-18.96,1,5,UNG,2025-02-14,2025-02-18,2025-02-21,4,19.65,20.950001,22.09,12.417,5.442,What happened while the actual cold event was present?
heating-season-events,actual-heating-cold-17,event,2025-02-18,2025-02-22,2025-02-18,2025-02-22,2025-02-20,-18.96,1,5,NG=F,2025-02-14,2025-02-18,2025-02-21,4,3.725,4.007,4.234,13.664,5.665,What happened while the actual cold event was present?
heating-season-events,actual-heating-cold-18,rumor,2025-10-31,2025-11-03,2025-11-10,2025-11-11,2025-11-10,-9.13,0.613,2,UNG,2025-10-30,2025-10-31,2025-11-03,2,12.82,13.25,13.76,7.332,3.849,Did broad 7-10 day forecast cold bid UNG before the event?
heating-season-events,actual-heating-cold-18,rumor,2025-10-31,2025-11-03,2025-11-10,2025-11-11,2025-11-10,-9.13,0.613,2,NG=F,2025-10-30,2025-10-31,2025-11-03,2,3.956,4.124,4.266,7.836,3.443,Did broad 7-10 day forecast cold bid UNG before the event?
heating-season-events,actual-heating-cold-18,selloff,2025-11-07,2025-11-09,2025-11-10,2025-11-11,2025-11-10,-9.13,0.613,2,UNG,2025-11-06,2025-11-07,2025-11-07,1,14.17,13.95,13.95,-1.553,0,Did UNG fade in the 1-3 day buy-the-rumor/sell-the-news window?
heating-season-events,actual-heating-cold-18,selloff,2025-11-07,2025-11-09,2025-11-10,2025-11-11,2025-11-10,-9.13,0.613,2,NG=F,2025-11-06,2025-11-07,2025-11-07,1,4.357,4.315,4.315,-0.964,0,Did UNG fade in the 1-3 day buy-the-rumor/sell-the-news window?
heating-season-events,actual-heating-cold-18,event,2025-11-10,2025-11-11,2025-11-10,2025-11-11,2025-11-10,-9.13,0.613,2,UNG,2025-11-07,2025-11-10,2025-11-11,2,13.95,14.1,14.56,4.373,3.262,What happened while the actual cold event was present?
heating-season-events,actual-heating-cold-18,event,2025-11-10,2025-11-11,2025-11-10,2025-11-11,2025-11-10,-9.13,0.613,2,NG=F,2025-11-07,2025-11-10,2025-11-11,2,4.315,4.338,4.565,5.794,5.233,What happened while the actual cold event was present?
heating-season-events,actual-heating-cold-19,rumor,2025-11-24,2025-11-27,2025-12-04,2025-12-05,2025-12-04,-10.57,0.651,2,UNG,2025-11-21,2025-11-24,2025-11-26,3,14.65,14.41,14.25,-2.73,-1.11,Did broad 7-10 day forecast cold bid UNG before the event?
heating-season-events,actual-heating-cold-19,rumor,2025-11-24,2025-11-27,2025-12-04,2025-12-05,2025-12-04,-10.57,0.651,2,NG=F,2025-11-21,2025-11-24,2025-11-26,3,4.58,4.549,4.558,-0.48,0.198,Did broad 7-10 day forecast cold bid UNG before the event?
heating-season-events,actual-heating-cold-19,selloff,2025-12-01,2025-12-03,2025-12-04,2025-12-05,2025-12-04,-10.57,0.651,2,UNG,2025-11-28,2025-12-01,2025-12-03,3,14.73,15.21,15.47,5.024,1.709,Did UNG fade in the 1-3 day buy-the-rumor/sell-the-news window?
heating-season-events,actual-heating-cold-19,selloff,2025-12-01,2025-12-03,2025-12-04,2025-12-05,2025-12-04,-10.57,0.651,2,NG=F,2025-11-28,2025-12-01,2025-12-03,3,4.85,4.921,4.995,2.99,1.504,Did UNG fade in the 1-3 day buy-the-rumor/sell-the-news window?
heating-season-events,actual-heating-cold-19,event,2025-12-04,2025-12-05,2025-12-04,2025-12-05,2025-12-04,-10.57,0.651,2,UNG,2025-12-03,2025-12-04,2025-12-05,2,15.47,15.66,16.370001,5.818,4.534,What happened while the actual cold event was present?
heating-season-events,actual-heating-cold-19,event,2025-12-04,2025-12-05,2025-12-04,2025-12-05,2025-12-04,-10.57,0.651,2,NG=F,2025-12-03,2025-12-04,2025-12-05,2,4.995,5.063,5.289,5.886,4.464,What happened while the actual cold event was present?
heating-season-events,actual-heating-cold-20,rumor,2025-12-04,2025-12-07,2025-12-14,2025-12-15,2025-12-14,-14.58,0.849,2,UNG,2025-12-03,2025-12-04,2025-12-05,2,15.47,15.66,16.370001,5.818,4.534,Did broad 7-10 day forecast cold bid UNG before the event?
heating-season-events,actual-heating-cold-20,rumor,2025-12-04,2025-12-07,2025-12-14,2025-12-15,2025-12-14,-14.58,0.849,2,NG=F,2025-12-03,2025-12-04,2025-12-05,2,4.995,5.063,5.289,5.886,4.464,Did broad 7-10 day forecast cold bid UNG before the event?
heating-season-events,actual-heating-cold-20,selloff,2025-12-11,2025-12-13,2025-12-14,2025-12-15,2025-12-14,-14.58,0.849,2,UNG,2025-12-10,2025-12-11,2025-12-12,2,14.26,13.08,12.73,-10.729,-2.676,Did UNG fade in the 1-3 day buy-the-rumor/sell-the-news window?
heating-season-events,actual-heating-cold-20,selloff,2025-12-11,2025-12-13,2025-12-14,2025-12-15,2025-12-14,-14.58,0.849,2,NG=F,2025-12-10,2025-12-11,2025-12-12,2,4.595,4.231,4.113,-10.49,-2.789,Did UNG fade in the 1-3 day buy-the-rumor/sell-the-news window?
heating-season-events,actual-heating-cold-20,event,2025-12-14,2025-12-15,2025-12-14,2025-12-15,2025-12-14,-14.58,0.849,2,UNG,2025-12-12,2025-12-15,2025-12-15,1,12.73,12.46,12.46,-2.121,0,What happened while the actual cold event was present?
heating-season-events,actual-heating-cold-20,event,2025-12-14,2025-12-15,2025-12-14,2025-12-15,2025-12-14,-14.58,0.849,2,NG=F,2025-12-12,2025-12-15,2025-12-15,1,4.113,4.012,4.012,-2.456,0,What happened while the actual cold event was present?
heating-season-events,actual-heating-cold-21,rumor,2026-01-14,2026-01-17,2026-01-24,2026-02-01,2026-01-26,-15.24,1,9,UNG,2026-01-13,2026-01-14,2026-01-16,3,11.32,10.24,10.33,-8.746,0.879,Did broad 7-10 day forecast cold bid UNG before the event?
heating-season-events,actual-heating-cold-21,rumor,2026-01-14,2026-01-17,2026-01-24,2026-02-01,2026-01-26,-15.24,1,9,NG=F,2026-01-13,2026-01-14,2026-01-16,3,3.419,3.12,3.103,-9.242,-0.545,Did broad 7-10 day forecast cold bid UNG before the event?
heating-season-events,actual-heating-cold-21,selloff,2026-01-21,2026-01-23,2026-01-24,2026-02-01,2026-01-26,-15.24,1,9,UNG,2026-01-20,2026-01-21,2026-01-23,3,12.37,13.64,13.97,12.935,2.419,Did UNG fade in the 1-3 day buy-the-rumor/sell-the-news window?
heating-season-events,actual-heating-cold-21,selloff,2026-01-21,2026-01-23,2026-01-24,2026-02-01,2026-01-26,-15.24,1,9,NG=F,2026-01-20,2026-01-21,2026-01-23,3,3.907,4.875,5.275,35.014,8.205,Did UNG fade in the 1-3 day buy-the-rumor/sell-the-news window?
heating-season-events,actual-heating-cold-21,event,2026-01-24,2026-02-01,2026-01-24,2026-02-01,2026-01-26,-15.24,1,9,UNG,2026-01-23,2026-01-26,2026-01-30,5,13.97,14.83,16.9,20.974,13.958,What happened while the actual cold event was present?
heating-season-events,actual-heating-cold-21,event,2026-01-24,2026-02-01,2026-01-24,2026-02-01,2026-01-26,-15.24,1,9,NG=F,2026-01-23,2026-01-26,2026-01-30,5,5.275,6.8,4.354,-17.46,-35.971,What happened while the actual cold event was present?
heating-season-events,actual-heating-cold-22,rumor,2026-03-07,2026-03-10,2026-03-17,2026-03-17,2026-03-17,-12.04,0.717,1,UNG,2026-03-06,2026-03-09,2026-03-10,2,12.75,12.31,12.27,-3.765,-0.325,Did broad 7-10 day forecast cold bid UNG before the event?
heating-season-events,actual-heating-cold-22,rumor,2026-03-07,2026-03-10,2026-03-17,2026-03-17,2026-03-17,-12.04,0.717,1,NG=F,2026-03-06,2026-03-09,2026-03-10,2,3.186,3.12,3.02,-5.21,-3.205,Did broad 7-10 day forecast cold bid UNG before the event?
heating-season-events,actual-heating-cold-22,selloff,2026-03-14,2026-03-16,2026-03-17,2026-03-17,2026-03-17,-12.04,0.717,1,UNG,2026-03-13,2026-03-16,2026-03-16,1,12.64,12.21,12.21,-3.402,0,Did UNG fade in the 1-3 day buy-the-rumor/sell-the-news window?
heating-season-events,actual-heating-cold-22,selloff,2026-03-14,2026-03-16,2026-03-17,2026-03-17,2026-03-17,-12.04,0.717,1,NG=F,2026-03-13,2026-03-16,2026-03-16,1,3.131,3.023,3.023,-3.449,0,Did UNG fade in the 1-3 day buy-the-rumor/sell-the-news window?
heating-season-events,actual-heating-cold-22,event,2026-03-17,2026-03-17,2026-03-17,2026-03-17,2026-03-17,-12.04,0.717,1,UNG,2026-03-16,2026-03-17,2026-03-17,1,12.21,12.2,12.2,-0.082,0,What happened while the actual cold event was present?
heating-season-events,actual-heating-cold-22,event,2026-03-17,2026-03-17,2026-03-17,2026-03-17,2026-03-17,-12.04,0.717,1,NG=F,2026-03-16,2026-03-17,2026-03-17,1,3.023,3.033,3.033,0.331,0,What happened while the actual cold event was present?
