issueDate,targetDate,leadDays,windowId,modelId,weightedAnomalyF,coveragePct,extremeCount,sampledWeight,locationCount,sampledValidHoursUtc,qualifies,source
2024-03-14,2024-03-15,1,selloff,ecmwf-aifs-00z-aws-open,18.314,0,0,1.06,18,0,false,"ECMWF AIFS open data on AWS, 2 metre temperature, aifs/0p25/oper; https://ecmwf-forecasts.s3.eu-central-1.amazonaws.com/20240314/00z/aifs/0p25/oper/20240314000000-24h-oper-fc.grib2"
2024-03-14,2024-03-17,3,selloff,ecmwf-aifs-00z-aws-open,11.79,0,0,1.06,18,0,false,"ECMWF AIFS open data on AWS, 2 metre temperature, aifs/0p25/oper; https://ecmwf-forecasts.s3.eu-central-1.amazonaws.com/20240314/00z/aifs/0p25/oper/20240314000000-72h-oper-fc.grib2"
2024-03-14,2024-03-21,7,rumor,ecmwf-aifs-00z-aws-open,9.722,0,0,1.06,18,0,false,"ECMWF AIFS open data on AWS, 2 metre temperature, aifs/0p25/oper; https://ecmwf-forecasts.s3.eu-central-1.amazonaws.com/20240314/00z/aifs/0p25/oper/20240314000000-168h-oper-fc.grib2"
2024-03-14,2024-03-16,2,selloff,ecmwf-aifs-00z-aws-open,12.042,0,0,1.06,18,0,false,"ECMWF AIFS open data on AWS, 2 metre temperature, aifs/0p25/oper; https://ecmwf-forecasts.s3.eu-central-1.amazonaws.com/20240314/00z/aifs/0p25/oper/20240314000000-48h-oper-fc.grib2"
2024-03-14,2024-03-23,9,rumor,ecmwf-aifs-00z-aws-open,5.159,0,0,1.06,18,0,false,"ECMWF AIFS open data on AWS, 2 metre temperature, aifs/0p25/oper; https://ecmwf-forecasts.s3.eu-central-1.amazonaws.com/20240314/00z/aifs/0p25/oper/20240314000000-216h-oper-fc.grib2"
2024-03-14,2024-03-22,8,rumor,ecmwf-aifs-00z-aws-open,10.43,0,0,1.06,18,0,false,"ECMWF AIFS open data on AWS, 2 metre temperature, aifs/0p25/oper; https://ecmwf-forecasts.s3.eu-central-1.amazonaws.com/20240314/00z/aifs/0p25/oper/20240314000000-192h-oper-fc.grib2"
2024-03-14,2024-03-24,10,rumor,ecmwf-aifs-00z-aws-open,2.01,0,0,1.06,18,0,false,"ECMWF AIFS open data on AWS, 2 metre temperature, aifs/0p25/oper; https://ecmwf-forecasts.s3.eu-central-1.amazonaws.com/20240314/00z/aifs/0p25/oper/20240314000000-240h-oper-fc.grib2"
2024-03-15,2024-03-22,7,rumor,ecmwf-aifs-00z-aws-open,11.656,0,0,1.06,18,0,false,"ECMWF AIFS open data on AWS, 2 metre temperature, aifs/0p25/oper; https://ecmwf-forecasts.s3.eu-central-1.amazonaws.com/20240315/00z/aifs/0p25/oper/20240315000000-168h-oper-fc.grib2"
2024-03-15,2024-03-17,2,selloff,ecmwf-aifs-00z-aws-open,12.796,0,0,1.06,18,0,false,"ECMWF AIFS open data on AWS, 2 metre temperature, aifs/0p25/oper; https://ecmwf-forecasts.s3.eu-central-1.amazonaws.com/20240315/00z/aifs/0p25/oper/20240315000000-48h-oper-fc.grib2"
2024-03-15,2024-03-16,1,selloff,ecmwf-aifs-00z-aws-open,12.234,0,0,1.06,18,0,false,"ECMWF AIFS open data on AWS, 2 metre temperature, aifs/0p25/oper; https://ecmwf-forecasts.s3.eu-central-1.amazonaws.com/20240315/00z/aifs/0p25/oper/20240315000000-24h-oper-fc.grib2"
2024-03-15,2024-03-18,3,selloff,ecmwf-aifs-00z-aws-open,4.798,0,0,1.06,18,0,false,"ECMWF AIFS open data on AWS, 2 metre temperature, aifs/0p25/oper; https://ecmwf-forecasts.s3.eu-central-1.amazonaws.com/20240315/00z/aifs/0p25/oper/20240315000000-72h-oper-fc.grib2"
2024-03-15,2024-03-24,9,rumor,ecmwf-aifs-00z-aws-open,5.71,0,0,1.06,18,0,false,"ECMWF AIFS open data on AWS, 2 metre temperature, aifs/0p25/oper; https://ecmwf-forecasts.s3.eu-central-1.amazonaws.com/20240315/00z/aifs/0p25/oper/20240315000000-216h-oper-fc.grib2"
2024-03-16,2024-03-17,1,selloff,ecmwf-aifs-00z-aws-open,12.651,0,0,1.06,18,0,false,"ECMWF AIFS open data on AWS, 2 metre temperature, aifs/0p25/oper; https://ecmwf-forecasts.s3.eu-central-1.amazonaws.com/20240316/00z/aifs/0p25/oper/20240316000000-24h-oper-fc.grib2"
2024-03-15,2024-03-23,8,rumor,ecmwf-aifs-00z-aws-open,8.483,0,0,1.06,18,0,false,"ECMWF AIFS open data on AWS, 2 metre temperature, aifs/0p25/oper; https://ecmwf-forecasts.s3.eu-central-1.amazonaws.com/20240315/00z/aifs/0p25/oper/20240315000000-192h-oper-fc.grib2"
2024-03-15,2024-03-25,10,rumor,ecmwf-aifs-00z-aws-open,4.774,0,0,1.06,18,0,false,"ECMWF AIFS open data on AWS, 2 metre temperature, aifs/0p25/oper; https://ecmwf-forecasts.s3.eu-central-1.amazonaws.com/20240315/00z/aifs/0p25/oper/20240315000000-240h-oper-fc.grib2"
2024-03-16,2024-03-19,3,selloff,ecmwf-aifs-00z-aws-open,-2.959,0.245,0,1.06,18,0,false,"ECMWF AIFS open data on AWS, 2 metre temperature, aifs/0p25/oper; https://ecmwf-forecasts.s3.eu-central-1.amazonaws.com/20240316/00z/aifs/0p25/oper/20240316000000-72h-oper-fc.grib2"
2024-03-16,2024-03-18,2,selloff,ecmwf-aifs-00z-aws-open,5.051,0,0,1.06,18,0,false,"ECMWF AIFS open data on AWS, 2 metre temperature, aifs/0p25/oper; https://ecmwf-forecasts.s3.eu-central-1.amazonaws.com/20240316/00z/aifs/0p25/oper/20240316000000-48h-oper-fc.grib2"
2024-03-16,2024-03-24,8,rumor,ecmwf-aifs-00z-aws-open,3.757,0,0,1.06,18,0,false,"ECMWF AIFS open data on AWS, 2 metre temperature, aifs/0p25/oper; https://ecmwf-forecasts.s3.eu-central-1.amazonaws.com/20240316/00z/aifs/0p25/oper/20240316000000-192h-oper-fc.grib2"
2024-03-16,2024-03-23,7,rumor,ecmwf-aifs-00z-aws-open,3.087,0,0,1.06,18,0,false,"ECMWF AIFS open data on AWS, 2 metre temperature, aifs/0p25/oper; https://ecmwf-forecasts.s3.eu-central-1.amazonaws.com/20240316/00z/aifs/0p25/oper/20240316000000-168h-oper-fc.grib2"
2024-03-17,2024-03-18,1,selloff,ecmwf-aifs-00z-aws-open,4.967,0,0,1.06,18,0,false,"ECMWF AIFS open data on AWS, 2 metre temperature, aifs/0p25/oper; https://ecmwf-forecasts.s3.eu-central-1.amazonaws.com/20240317/00z/aifs/0p25/oper/20240317000000-24h-oper-fc.grib2"
2024-03-16,2024-03-25,9,rumor,ecmwf-aifs-00z-aws-open,3.751,0,0,1.06,18,0,false,"ECMWF AIFS open data on AWS, 2 metre temperature, aifs/0p25/oper; https://ecmwf-forecasts.s3.eu-central-1.amazonaws.com/20240316/00z/aifs/0p25/oper/20240316000000-216h-oper-fc.grib2"
2024-03-16,2024-03-26,10,rumor,ecmwf-aifs-00z-aws-open,4.955,0,0,1.06,18,0,false,"ECMWF AIFS open data on AWS, 2 metre temperature, aifs/0p25/oper; https://ecmwf-forecasts.s3.eu-central-1.amazonaws.com/20240316/00z/aifs/0p25/oper/20240316000000-240h-oper-fc.grib2"
2024-03-17,2024-03-19,2,selloff,ecmwf-aifs-00z-aws-open,-2.806,0.245,1,1.06,18,0,false,"ECMWF AIFS open data on AWS, 2 metre temperature, aifs/0p25/oper; https://ecmwf-forecasts.s3.eu-central-1.amazonaws.com/20240317/00z/aifs/0p25/oper/20240317000000-48h-oper-fc.grib2"
2024-03-17,2024-03-24,7,rumor,ecmwf-aifs-00z-aws-open,4.808,0,0,1.06,18,0,false,"ECMWF AIFS open data on AWS, 2 metre temperature, aifs/0p25/oper; https://ecmwf-forecasts.s3.eu-central-1.amazonaws.com/20240317/00z/aifs/0p25/oper/20240317000000-168h-oper-fc.grib2"
2024-03-17,2024-03-20,3,selloff,ecmwf-aifs-00z-aws-open,5.173,0,0,1.06,18,0,false,"ECMWF AIFS open data on AWS, 2 metre temperature, aifs/0p25/oper; https://ecmwf-forecasts.s3.eu-central-1.amazonaws.com/20240317/00z/aifs/0p25/oper/20240317000000-72h-oper-fc.grib2"
2024-03-17,2024-03-25,8,rumor,ecmwf-aifs-00z-aws-open,9.028,0,0,1.06,18,0,false,"ECMWF AIFS open data on AWS, 2 metre temperature, aifs/0p25/oper; https://ecmwf-forecasts.s3.eu-central-1.amazonaws.com/20240317/00z/aifs/0p25/oper/20240317000000-192h-oper-fc.grib2"
2024-03-17,2024-03-26,9,rumor,ecmwf-aifs-00z-aws-open,6.338,0.038,1,1.06,18,0,false,"ECMWF AIFS open data on AWS, 2 metre temperature, aifs/0p25/oper; https://ecmwf-forecasts.s3.eu-central-1.amazonaws.com/20240317/00z/aifs/0p25/oper/20240317000000-216h-oper-fc.grib2"
2024-03-17,2024-03-27,10,rumor,ecmwf-aifs-00z-aws-open,0.869,0.132,0,1.06,18,0,false,"ECMWF AIFS open data on AWS, 2 metre temperature, aifs/0p25/oper; https://ecmwf-forecasts.s3.eu-central-1.amazonaws.com/20240317/00z/aifs/0p25/oper/20240317000000-240h-oper-fc.grib2"
2024-03-18,2024-03-20,2,selloff,ecmwf-aifs-00z-aws-open,5.543,0,0,1.06,18,0,false,"ECMWF AIFS open data on AWS, 2 metre temperature, aifs/0p25/oper; https://ecmwf-forecasts.s3.eu-central-1.amazonaws.com/20240318/00z/aifs/0p25/oper/20240318000000-48h-oper-fc.grib2"
2024-03-18,2024-03-19,1,selloff,ecmwf-aifs-00z-aws-open,-2.038,0.245,0,1.06,18,0,false,"ECMWF AIFS open data on AWS, 2 metre temperature, aifs/0p25/oper; https://ecmwf-forecasts.s3.eu-central-1.amazonaws.com/20240318/00z/aifs/0p25/oper/20240318000000-24h-oper-fc.grib2"
2024-03-18,2024-03-21,3,selloff,ecmwf-aifs-00z-aws-open,3.764,0.066,0,1.06,18,0,false,"ECMWF AIFS open data on AWS, 2 metre temperature, aifs/0p25/oper; https://ecmwf-forecasts.s3.eu-central-1.amazonaws.com/20240318/00z/aifs/0p25/oper/20240318000000-72h-oper-fc.grib2"
2024-03-18,2024-03-25,7,rumor,ecmwf-aifs-00z-aws-open,7.835,0,0,1.06,18,0,false,"ECMWF AIFS open data on AWS, 2 metre temperature, aifs/0p25/oper; https://ecmwf-forecasts.s3.eu-central-1.amazonaws.com/20240318/00z/aifs/0p25/oper/20240318000000-168h-oper-fc.grib2"
2024-03-18,2024-03-27,9,rumor,ecmwf-aifs-00z-aws-open,-0.382,0.151,1,1.06,18,0,false,"ECMWF AIFS open data on AWS, 2 metre temperature, aifs/0p25/oper; https://ecmwf-forecasts.s3.eu-central-1.amazonaws.com/20240318/00z/aifs/0p25/oper/20240318000000-216h-oper-fc.grib2"
2024-03-18,2024-03-26,8,rumor,ecmwf-aifs-00z-aws-open,4.292,0.151,0,1.06,18,0,false,"ECMWF AIFS open data on AWS, 2 metre temperature, aifs/0p25/oper; https://ecmwf-forecasts.s3.eu-central-1.amazonaws.com/20240318/00z/aifs/0p25/oper/20240318000000-192h-oper-fc.grib2"
2024-03-19,2024-03-20,1,selloff,ecmwf-aifs-00z-aws-open,6.078,0,0,1.06,18,0,false,"ECMWF AIFS open data on AWS, 2 metre temperature, aifs/0p25/oper; https://ecmwf-forecasts.s3.eu-central-1.amazonaws.com/20240319/00z/aifs/0p25/oper/20240319000000-24h-oper-fc.grib2"
2024-03-18,2024-03-28,10,rumor,ecmwf-aifs-00z-aws-open,-2.906,0.283,1,1.06,18,0,false,"ECMWF AIFS open data on AWS, 2 metre temperature, aifs/0p25/oper; https://ecmwf-forecasts.s3.eu-central-1.amazonaws.com/20240318/00z/aifs/0p25/oper/20240318000000-240h-oper-fc.grib2"
2024-03-19,2024-03-21,2,selloff,ecmwf-aifs-00z-aws-open,4.571,0,0,1.06,18,0,false,"ECMWF AIFS open data on AWS, 2 metre temperature, aifs/0p25/oper; https://ecmwf-forecasts.s3.eu-central-1.amazonaws.com/20240319/00z/aifs/0p25/oper/20240319000000-48h-oper-fc.grib2"
2024-03-19,2024-03-22,3,selloff,ecmwf-aifs-00z-aws-open,0.504,0,0,1.06,18,0,false,"ECMWF AIFS open data on AWS, 2 metre temperature, aifs/0p25/oper; https://ecmwf-forecasts.s3.eu-central-1.amazonaws.com/20240319/00z/aifs/0p25/oper/20240319000000-72h-oper-fc.grib2"
2024-03-19,2024-03-27,8,rumor,ecmwf-aifs-00z-aws-open,-0.56,0.283,2,1.06,18,0,false,"ECMWF AIFS open data on AWS, 2 metre temperature, aifs/0p25/oper; https://ecmwf-forecasts.s3.eu-central-1.amazonaws.com/20240319/00z/aifs/0p25/oper/20240319000000-192h-oper-fc.grib2"
2024-03-19,2024-03-26,7,rumor,ecmwf-aifs-00z-aws-open,4.211,0.151,1,1.06,18,0,false,"ECMWF AIFS open data on AWS, 2 metre temperature, aifs/0p25/oper; https://ecmwf-forecasts.s3.eu-central-1.amazonaws.com/20240319/00z/aifs/0p25/oper/20240319000000-168h-oper-fc.grib2"
2024-03-19,2024-03-28,9,rumor,ecmwf-aifs-00z-aws-open,-1.938,0.292,1,1.06,18,0,false,"ECMWF AIFS open data on AWS, 2 metre temperature, aifs/0p25/oper; https://ecmwf-forecasts.s3.eu-central-1.amazonaws.com/20240319/00z/aifs/0p25/oper/20240319000000-216h-oper-fc.grib2"
2024-03-19,2024-03-29,10,rumor,ecmwf-aifs-00z-aws-open,-3.236,0.066,0,1.06,18,0,false,"ECMWF AIFS open data on AWS, 2 metre temperature, aifs/0p25/oper; https://ecmwf-forecasts.s3.eu-central-1.amazonaws.com/20240319/00z/aifs/0p25/oper/20240319000000-240h-oper-fc.grib2"
2024-03-20,2024-03-21,1,selloff,ecmwf-aifs-00z-aws-open,5.031,0,0,1.06,18,0,false,"ECMWF AIFS open data on AWS, 2 metre temperature, aifs/0p25/oper; https://ecmwf-forecasts.s3.eu-central-1.amazonaws.com/20240320/00z/aifs/0p25/oper/20240320000000-24h-oper-fc.grib2"
2024-03-20,2024-03-22,2,selloff,ecmwf-aifs-00z-aws-open,1.543,0,0,1.06,18,0,false,"ECMWF AIFS open data on AWS, 2 metre temperature, aifs/0p25/oper; https://ecmwf-forecasts.s3.eu-central-1.amazonaws.com/20240320/00z/aifs/0p25/oper/20240320000000-48h-oper-fc.grib2"
2024-03-20,2024-03-27,7,rumor,ecmwf-aifs-00z-aws-open,0.305,0.189,0,1.06,18,0,false,"ECMWF AIFS open data on AWS, 2 metre temperature, aifs/0p25/oper; https://ecmwf-forecasts.s3.eu-central-1.amazonaws.com/20240320/00z/aifs/0p25/oper/20240320000000-168h-oper-fc.grib2"
2024-03-20,2024-03-23,3,selloff,ecmwf-aifs-00z-aws-open,1.3,0,0,1.06,18,0,false,"ECMWF AIFS open data on AWS, 2 metre temperature, aifs/0p25/oper; https://ecmwf-forecasts.s3.eu-central-1.amazonaws.com/20240320/00z/aifs/0p25/oper/20240320000000-72h-oper-fc.grib2"
2024-03-20,2024-03-29,9,rumor,ecmwf-aifs-00z-aws-open,0.591,0.038,0,1.06,18,0,false,"ECMWF AIFS open data on AWS, 2 metre temperature, aifs/0p25/oper; https://ecmwf-forecasts.s3.eu-central-1.amazonaws.com/20240320/00z/aifs/0p25/oper/20240320000000-216h-oper-fc.grib2"
2024-03-20,2024-03-28,8,rumor,ecmwf-aifs-00z-aws-open,-2.423,0,0,1.06,18,0,false,"ECMWF AIFS open data on AWS, 2 metre temperature, aifs/0p25/oper; https://ecmwf-forecasts.s3.eu-central-1.amazonaws.com/20240320/00z/aifs/0p25/oper/20240320000000-192h-oper-fc.grib2"
2024-03-21,2024-03-22,1,selloff,ecmwf-aifs-00z-aws-open,2.442,0,0,1.06,18,0,false,"ECMWF AIFS open data on AWS, 2 metre temperature, aifs/0p25/oper; https://ecmwf-forecasts.s3.eu-central-1.amazonaws.com/20240321/00z/aifs/0p25/oper/20240321000000-24h-oper-fc.grib2"
2024-03-20,2024-03-30,10,rumor,ecmwf-aifs-00z-aws-open,-4.578,0.311,2,1.06,18,0,false,"ECMWF AIFS open data on AWS, 2 metre temperature, aifs/0p25/oper; https://ecmwf-forecasts.s3.eu-central-1.amazonaws.com/20240320/00z/aifs/0p25/oper/20240320000000-240h-oper-fc.grib2"
2024-03-21,2024-03-23,2,selloff,ecmwf-aifs-00z-aws-open,1.076,0,0,1.06,18,0,false,"ECMWF AIFS open data on AWS, 2 metre temperature, aifs/0p25/oper; https://ecmwf-forecasts.s3.eu-central-1.amazonaws.com/20240321/00z/aifs/0p25/oper/20240321000000-48h-oper-fc.grib2"
2024-03-21,2024-03-24,3,selloff,ecmwf-aifs-00z-aws-open,-2.131,0,0,1.06,18,0,false,"ECMWF AIFS open data on AWS, 2 metre temperature, aifs/0p25/oper; https://ecmwf-forecasts.s3.eu-central-1.amazonaws.com/20240321/00z/aifs/0p25/oper/20240321000000-72h-oper-fc.grib2"
2024-03-21,2024-03-29,8,rumor,ecmwf-aifs-00z-aws-open,2.551,0,0,1.06,18,0,false,"ECMWF AIFS open data on AWS, 2 metre temperature, aifs/0p25/oper; https://ecmwf-forecasts.s3.eu-central-1.amazonaws.com/20240321/00z/aifs/0p25/oper/20240321000000-192h-oper-fc.grib2"
2024-03-21,2024-03-28,7,rumor,ecmwf-aifs-00z-aws-open,-2.562,0.132,0,1.06,18,0,false,"ECMWF AIFS open data on AWS, 2 metre temperature, aifs/0p25/oper; https://ecmwf-forecasts.s3.eu-central-1.amazonaws.com/20240321/00z/aifs/0p25/oper/20240321000000-168h-oper-fc.grib2"
2024-03-21,2024-03-30,9,rumor,ecmwf-aifs-00z-aws-open,7.37,0,0,1.06,18,0,false,"ECMWF AIFS open data on AWS, 2 metre temperature, aifs/0p25/oper; https://ecmwf-forecasts.s3.eu-central-1.amazonaws.com/20240321/00z/aifs/0p25/oper/20240321000000-216h-oper-fc.grib2"
2024-03-21,2024-03-31,10,rumor,ecmwf-aifs-00z-aws-open,7.899,0,0,1.06,18,0,false,"ECMWF AIFS open data on AWS, 2 metre temperature, aifs/0p25/oper; https://ecmwf-forecasts.s3.eu-central-1.amazonaws.com/20240321/00z/aifs/0p25/oper/20240321000000-240h-oper-fc.grib2"
2024-03-22,2024-03-24,2,selloff,ecmwf-aifs-00z-aws-open,-1.415,0,0,1.06,18,0,false,"ECMWF AIFS open data on AWS, 2 metre temperature, aifs/0p25/oper; https://ecmwf-forecasts.s3.eu-central-1.amazonaws.com/20240322/00z/aifs/0p25/oper/20240322000000-48h-oper-fc.grib2"
2024-03-22,2024-03-23,1,selloff,ecmwf-aifs-00z-aws-open,1.958,0,0,1.06,18,0,false,"ECMWF AIFS open data on AWS, 2 metre temperature, aifs/0p25/oper; https://ecmwf-forecasts.s3.eu-central-1.amazonaws.com/20240322/00z/aifs/0p25/oper/20240322000000-24h-oper-fc.grib2"
2024-03-22,2024-03-29,7,rumor,ecmwf-aifs-00z-aws-open,2.564,0,0,1.06,18,0,false,"ECMWF AIFS open data on AWS, 2 metre temperature, aifs/0p25/oper; https://ecmwf-forecasts.s3.eu-central-1.amazonaws.com/20240322/00z/aifs/0p25/oper/20240322000000-168h-oper-fc.grib2"
2024-03-22,2024-03-25,3,selloff,ecmwf-aifs-00z-aws-open,1.248,0,0,1.06,18,0,false,"ECMWF AIFS open data on AWS, 2 metre temperature, aifs/0p25/oper; https://ecmwf-forecasts.s3.eu-central-1.amazonaws.com/20240322/00z/aifs/0p25/oper/20240322000000-72h-oper-fc.grib2"
2024-03-22,2024-03-31,9,rumor,ecmwf-aifs-00z-aws-open,11.187,0,0,1.06,18,0,false,"ECMWF AIFS open data on AWS, 2 metre temperature, aifs/0p25/oper; https://ecmwf-forecasts.s3.eu-central-1.amazonaws.com/20240322/00z/aifs/0p25/oper/20240322000000-216h-oper-fc.grib2"
2024-03-22,2024-03-30,8,rumor,ecmwf-aifs-00z-aws-open,6.208,0,0,1.06,18,0,false,"ECMWF AIFS open data on AWS, 2 metre temperature, aifs/0p25/oper; https://ecmwf-forecasts.s3.eu-central-1.amazonaws.com/20240322/00z/aifs/0p25/oper/20240322000000-192h-oper-fc.grib2"
2024-03-23,2024-03-24,1,selloff,ecmwf-aifs-00z-aws-open,-0.707,0,0,1.06,18,0,false,"ECMWF AIFS open data on AWS, 2 metre temperature, aifs/0p25/oper; https://ecmwf-forecasts.s3.eu-central-1.amazonaws.com/20240323/00z/aifs/0p25/oper/20240323000000-24h-oper-fc.grib2"
2024-03-23,2024-03-25,2,selloff,ecmwf-aifs-00z-aws-open,2.279,0,0,1.06,18,0,false,"ECMWF AIFS open data on AWS, 2 metre temperature, aifs/0p25/oper; https://ecmwf-forecasts.s3.eu-central-1.amazonaws.com/20240323/00z/aifs/0p25/oper/20240323000000-48h-oper-fc.grib2"
2024-03-23,2024-03-26,3,selloff,ecmwf-aifs-00z-aws-open,6.98,0,0,1.06,18,0,false,"ECMWF AIFS open data on AWS, 2 metre temperature, aifs/0p25/oper; https://ecmwf-forecasts.s3.eu-central-1.amazonaws.com/20240323/00z/aifs/0p25/oper/20240323000000-72h-oper-fc.grib2"
2024-03-23,2024-03-30,7,rumor,ecmwf-aifs-00z-aws-open,6.205,0,0,1.06,18,0,false,"ECMWF AIFS open data on AWS, 2 metre temperature, aifs/0p25/oper; https://ecmwf-forecasts.s3.eu-central-1.amazonaws.com/20240323/00z/aifs/0p25/oper/20240323000000-168h-oper-fc.grib2"
2024-03-24,2024-03-25,1,selloff,ecmwf-aifs-00z-aws-open,2.848,0,0,1.06,18,0,false,"ECMWF AIFS open data on AWS, 2 metre temperature, aifs/0p25/oper; https://ecmwf-forecasts.s3.eu-central-1.amazonaws.com/20240324/00z/aifs/0p25/oper/20240324000000-24h-oper-fc.grib2"
2024-03-23,2024-03-31,8,rumor,ecmwf-aifs-00z-aws-open,6.737,0,0,1.06,18,0,false,"ECMWF AIFS open data on AWS, 2 metre temperature, aifs/0p25/oper; https://ecmwf-forecasts.s3.eu-central-1.amazonaws.com/20240323/00z/aifs/0p25/oper/20240323000000-192h-oper-fc.grib2"
2024-03-24,2024-03-26,2,selloff,ecmwf-aifs-00z-aws-open,7.311,0,0,1.06,18,0,false,"ECMWF AIFS open data on AWS, 2 metre temperature, aifs/0p25/oper; https://ecmwf-forecasts.s3.eu-central-1.amazonaws.com/20240324/00z/aifs/0p25/oper/20240324000000-48h-oper-fc.grib2"
2024-03-24,2024-03-27,3,selloff,ecmwf-aifs-00z-aws-open,1.913,0.104,0,1.06,18,0,false,"ECMWF AIFS open data on AWS, 2 metre temperature, aifs/0p25/oper; https://ecmwf-forecasts.s3.eu-central-1.amazonaws.com/20240324/00z/aifs/0p25/oper/20240324000000-72h-oper-fc.grib2"
2024-03-24,2024-03-31,7,rumor,ecmwf-aifs-00z-aws-open,6.805,0,0,1.06,18,0,false,"ECMWF AIFS open data on AWS, 2 metre temperature, aifs/0p25/oper; https://ecmwf-forecasts.s3.eu-central-1.amazonaws.com/20240324/00z/aifs/0p25/oper/20240324000000-168h-oper-fc.grib2"
2024-03-25,2024-03-28,3,selloff,ecmwf-aifs-00z-aws-open,-0.155,0.066,0,1.06,18,0,false,"ECMWF AIFS open data on AWS, 2 metre temperature, aifs/0p25/oper; https://ecmwf-forecasts.s3.eu-central-1.amazonaws.com/20240325/00z/aifs/0p25/oper/20240325000000-72h-oper-fc.grib2"
2024-03-25,2024-03-26,1,selloff,ecmwf-aifs-00z-aws-open,7.162,0,0,1.06,18,0,false,"ECMWF AIFS open data on AWS, 2 metre temperature, aifs/0p25/oper; https://ecmwf-forecasts.s3.eu-central-1.amazonaws.com/20240325/00z/aifs/0p25/oper/20240325000000-24h-oper-fc.grib2"
2024-03-25,2024-03-27,2,selloff,ecmwf-aifs-00z-aws-open,1.315,0.151,0,1.06,18,0,false,"ECMWF AIFS open data on AWS, 2 metre temperature, aifs/0p25/oper; https://ecmwf-forecasts.s3.eu-central-1.amazonaws.com/20240325/00z/aifs/0p25/oper/20240325000000-48h-oper-fc.grib2"
2024-03-26,2024-03-27,1,selloff,ecmwf-aifs-00z-aws-open,1.697,0.151,0,1.06,18,0,false,"ECMWF AIFS open data on AWS, 2 metre temperature, aifs/0p25/oper; https://ecmwf-forecasts.s3.eu-central-1.amazonaws.com/20240326/00z/aifs/0p25/oper/20240326000000-24h-oper-fc.grib2"
2024-10-22,2024-11-01,10,rumor,ecmwf-aifs-00z-aws-open,12.018,0,0,1.06,18,0,false,"ECMWF AIFS open data on AWS, 2 metre temperature, aifs/0p25/oper; https://ecmwf-forecasts.s3.eu-central-1.amazonaws.com/20241022/00z/aifs/0p25/oper/20241022000000-240h-oper-fc.grib2"
2024-03-30,2024-03-31,1,selloff,ecmwf-aifs-00z-aws-open,11.154,0,0,1.06,18,0,false,"ECMWF AIFS open data on AWS, 2 metre temperature, aifs/0p25/oper; https://ecmwf-forecasts.s3.eu-central-1.amazonaws.com/20240330/00z/aifs/0p25/oper/20240330000000-24h-oper-fc.grib2"
2024-03-27,2024-03-28,1,selloff,ecmwf-aifs-00z-aws-open,0.566,0.066,0,1.06,18,0,false,"ECMWF AIFS open data on AWS, 2 metre temperature, aifs/0p25/oper; https://ecmwf-forecasts.s3.eu-central-1.amazonaws.com/20240327/00z/aifs/0p25/oper/20240327000000-24h-oper-fc.grib2"
2024-03-29,2024-03-31,2,selloff,ecmwf-aifs-00z-aws-open,10.717,0,0,1.06,18,0,false,"ECMWF AIFS open data on AWS, 2 metre temperature, aifs/0p25/oper; https://ecmwf-forecasts.s3.eu-central-1.amazonaws.com/20240329/00z/aifs/0p25/oper/20240329000000-48h-oper-fc.grib2"
2024-03-28,2024-03-30,2,selloff,ecmwf-aifs-00z-aws-open,8.592,0,0,1.06,18,0,false,"ECMWF AIFS open data on AWS, 2 metre temperature, aifs/0p25/oper; https://ecmwf-forecasts.s3.eu-central-1.amazonaws.com/20240328/00z/aifs/0p25/oper/20240328000000-48h-oper-fc.grib2"
2024-03-28,2024-03-29,1,selloff,ecmwf-aifs-00z-aws-open,4.362,0,0,1.06,18,0,false,"ECMWF AIFS open data on AWS, 2 metre temperature, aifs/0p25/oper; https://ecmwf-forecasts.s3.eu-central-1.amazonaws.com/20240328/00z/aifs/0p25/oper/20240328000000-24h-oper-fc.grib2"
2024-03-26,2024-03-29,3,selloff,ecmwf-aifs-00z-aws-open,2.652,0,0,1.06,18,0,false,"ECMWF AIFS open data on AWS, 2 metre temperature, aifs/0p25/oper; https://ecmwf-forecasts.s3.eu-central-1.amazonaws.com/20240326/00z/aifs/0p25/oper/20240326000000-72h-oper-fc.grib2"
2024-03-29,2024-03-30,1,selloff,ecmwf-aifs-00z-aws-open,8.274,0,0,1.06,18,0,false,"ECMWF AIFS open data on AWS, 2 metre temperature, aifs/0p25/oper; https://ecmwf-forecasts.s3.eu-central-1.amazonaws.com/20240329/00z/aifs/0p25/oper/20240329000000-24h-oper-fc.grib2"
2024-03-28,2024-03-31,3,selloff,ecmwf-aifs-00z-aws-open,11.206,0,0,1.06,18,0,false,"ECMWF AIFS open data on AWS, 2 metre temperature, aifs/0p25/oper; https://ecmwf-forecasts.s3.eu-central-1.amazonaws.com/20240328/00z/aifs/0p25/oper/20240328000000-72h-oper-fc.grib2"
2024-03-26,2024-03-28,2,selloff,ecmwf-aifs-00z-aws-open,-0.041,0.066,0,1.06,18,0,false,"ECMWF AIFS open data on AWS, 2 metre temperature, aifs/0p25/oper; https://ecmwf-forecasts.s3.eu-central-1.amazonaws.com/20240326/00z/aifs/0p25/oper/20240326000000-48h-oper-fc.grib2"
2024-03-27,2024-03-29,2,selloff,ecmwf-aifs-00z-aws-open,4.121,0,0,1.06,18,0,false,"ECMWF AIFS open data on AWS, 2 metre temperature, aifs/0p25/oper; https://ecmwf-forecasts.s3.eu-central-1.amazonaws.com/20240327/00z/aifs/0p25/oper/20240327000000-48h-oper-fc.grib2"
2024-03-27,2024-03-30,3,selloff,ecmwf-aifs-00z-aws-open,8.21,0,0,1.06,18,0,false,"ECMWF AIFS open data on AWS, 2 metre temperature, aifs/0p25/oper; https://ecmwf-forecasts.s3.eu-central-1.amazonaws.com/20240327/00z/aifs/0p25/oper/20240327000000-72h-oper-fc.grib2"
2024-10-25,2024-11-01,7,rumor,ecmwf-aifs-00z-aws-open,15.114,0,0,1.06,18,0,false,"ECMWF AIFS open data on AWS, 2 metre temperature, aifs/0p25/oper; https://ecmwf-forecasts.s3.eu-central-1.amazonaws.com/20241025/00z/aifs/0p25/oper/20241025000000-168h-oper-fc.grib2"
2024-10-23,2024-11-01,9,rumor,ecmwf-aifs-00z-aws-open,14.9,0,0,1.06,18,0,false,"ECMWF AIFS open data on AWS, 2 metre temperature, aifs/0p25/oper; https://ecmwf-forecasts.s3.eu-central-1.amazonaws.com/20241023/00z/aifs/0p25/oper/20241023000000-216h-oper-fc.grib2"
2024-10-26,2024-11-04,9,rumor,ecmwf-aifs-00z-aws-open,10.896,0,0,1.06,18,0,false,"ECMWF AIFS open data on AWS, 2 metre temperature, aifs/0p25/oper; https://ecmwf-forecasts.s3.eu-central-1.amazonaws.com/20241026/00z/aifs/0p25/oper/20241026000000-216h-oper-fc.grib2"
2024-10-25,2024-11-02,8,rumor,ecmwf-aifs-00z-aws-open,15.452,0,0,1.06,18,0,false,"ECMWF AIFS open data on AWS, 2 metre temperature, aifs/0p25/oper; https://ecmwf-forecasts.s3.eu-central-1.amazonaws.com/20241025/00z/aifs/0p25/oper/20241025000000-192h-oper-fc.grib2"
2024-10-23,2024-11-02,10,rumor,ecmwf-aifs-00z-aws-open,15.524,0,0,1.06,18,0,false,"ECMWF AIFS open data on AWS, 2 metre temperature, aifs/0p25/oper; https://ecmwf-forecasts.s3.eu-central-1.amazonaws.com/20241023/00z/aifs/0p25/oper/20241023000000-240h-oper-fc.grib2"
2024-10-25,2024-11-04,10,rumor,ecmwf-aifs-00z-aws-open,3.905,0,0,1.06,18,0,false,"ECMWF AIFS open data on AWS, 2 metre temperature, aifs/0p25/oper; https://ecmwf-forecasts.s3.eu-central-1.amazonaws.com/20241025/00z/aifs/0p25/oper/20241025000000-240h-oper-fc.grib2"
2024-10-25,2024-11-03,9,rumor,ecmwf-aifs-00z-aws-open,10.684,0,0,1.06,18,0,false,"ECMWF AIFS open data on AWS, 2 metre temperature, aifs/0p25/oper; https://ecmwf-forecasts.s3.eu-central-1.amazonaws.com/20241025/00z/aifs/0p25/oper/20241025000000-216h-oper-fc.grib2"
2024-10-26,2024-11-02,7,rumor,ecmwf-aifs-00z-aws-open,11.083,0,0,1.06,18,0,false,"ECMWF AIFS open data on AWS, 2 metre temperature, aifs/0p25/oper; https://ecmwf-forecasts.s3.eu-central-1.amazonaws.com/20241026/00z/aifs/0p25/oper/20241026000000-168h-oper-fc.grib2"
2024-10-24,2024-11-02,9,rumor,ecmwf-aifs-00z-aws-open,16.853,0,0,1.06,18,0,false,"ECMWF AIFS open data on AWS, 2 metre temperature, aifs/0p25/oper; https://ecmwf-forecasts.s3.eu-central-1.amazonaws.com/20241024/00z/aifs/0p25/oper/20241024000000-216h-oper-fc.grib2"
2024-10-24,2024-11-01,8,rumor,ecmwf-aifs-00z-aws-open,14.825,0,0,1.06,18,0,false,"ECMWF AIFS open data on AWS, 2 metre temperature, aifs/0p25/oper; https://ecmwf-forecasts.s3.eu-central-1.amazonaws.com/20241024/00z/aifs/0p25/oper/20241024000000-192h-oper-fc.grib2"
2024-10-26,2024-11-03,8,rumor,ecmwf-aifs-00z-aws-open,8.01,0,0,1.06,18,0,false,"ECMWF AIFS open data on AWS, 2 metre temperature, aifs/0p25/oper; https://ecmwf-forecasts.s3.eu-central-1.amazonaws.com/20241026/00z/aifs/0p25/oper/20241026000000-192h-oper-fc.grib2"
2024-10-24,2024-11-03,10,rumor,ecmwf-aifs-00z-aws-open,9.48,0,0,1.06,18,0,false,"ECMWF AIFS open data on AWS, 2 metre temperature, aifs/0p25/oper; https://ecmwf-forecasts.s3.eu-central-1.amazonaws.com/20241024/00z/aifs/0p25/oper/20241024000000-240h-oper-fc.grib2"
2024-10-28,2024-11-06,9,rumor,ecmwf-aifs-00z-aws-open,14.647,0,0,1.06,18,0,false,"ECMWF AIFS open data on AWS, 2 metre temperature, aifs/0p25/oper; https://ecmwf-forecasts.s3.eu-central-1.amazonaws.com/20241028/00z/aifs/0p25/oper/20241028000000-216h-oper-fc.grib2"
2024-10-29,2024-11-05,7,rumor,ecmwf-aifs-00z-aws-open,14.32,0,0,1.06,18,0,false,"ECMWF AIFS open data on AWS, 2 metre temperature, aifs/0p25/oper; https://ecmwf-forecasts.s3.eu-central-1.amazonaws.com/20241029/00z/aifs/0p25/oper/20241029000000-168h-oper-fc.grib2"
2024-10-27,2024-11-05,9,rumor,ecmwf-aifs-00z-aws-open,13.149,0,0,1.06,18,0,false,"ECMWF AIFS open data on AWS, 2 metre temperature, aifs/0p25/oper; https://ecmwf-forecasts.s3.eu-central-1.amazonaws.com/20241027/00z/aifs/0p25/oper/20241027000000-216h-oper-fc.grib2"
2024-10-27,2024-11-03,7,rumor,ecmwf-aifs-00z-aws-open,6.942,0,0,1.06,18,0,false,"ECMWF AIFS open data on AWS, 2 metre temperature, aifs/0p25/oper; https://ecmwf-forecasts.s3.eu-central-1.amazonaws.com/20241027/00z/aifs/0p25/oper/20241027000000-168h-oper-fc.grib2"
2024-10-27,2024-11-04,8,rumor,ecmwf-aifs-00z-aws-open,10.716,0,0,1.06,18,0,false,"ECMWF AIFS open data on AWS, 2 metre temperature, aifs/0p25/oper; https://ecmwf-forecasts.s3.eu-central-1.amazonaws.com/20241027/00z/aifs/0p25/oper/20241027000000-192h-oper-fc.grib2"
2024-10-28,2024-11-04,7,rumor,ecmwf-aifs-00z-aws-open,9.217,0,0,1.06,18,0,false,"ECMWF AIFS open data on AWS, 2 metre temperature, aifs/0p25/oper; https://ecmwf-forecasts.s3.eu-central-1.amazonaws.com/20241028/00z/aifs/0p25/oper/20241028000000-168h-oper-fc.grib2"
2024-10-28,2024-11-07,10,rumor,ecmwf-aifs-00z-aws-open,8.36,0,0,1.06,18,0,false,"ECMWF AIFS open data on AWS, 2 metre temperature, aifs/0p25/oper; https://ecmwf-forecasts.s3.eu-central-1.amazonaws.com/20241028/00z/aifs/0p25/oper/20241028000000-240h-oper-fc.grib2"
2024-10-27,2024-11-06,10,rumor,ecmwf-aifs-00z-aws-open,16.175,0,0,1.06,18,0,false,"ECMWF AIFS open data on AWS, 2 metre temperature, aifs/0p25/oper; https://ecmwf-forecasts.s3.eu-central-1.amazonaws.com/20241027/00z/aifs/0p25/oper/20241027000000-240h-oper-fc.grib2"
2024-10-28,2024-11-05,8,rumor,ecmwf-aifs-00z-aws-open,14.054,0,0,1.06,18,0,false,"ECMWF AIFS open data on AWS, 2 metre temperature, aifs/0p25/oper; https://ecmwf-forecasts.s3.eu-central-1.amazonaws.com/20241028/00z/aifs/0p25/oper/20241028000000-192h-oper-fc.grib2"
2024-10-29,2024-11-06,8,rumor,ecmwf-aifs-00z-aws-open,14.244,0,0,1.06,18,0,false,"ECMWF AIFS open data on AWS, 2 metre temperature, aifs/0p25/oper; https://ecmwf-forecasts.s3.eu-central-1.amazonaws.com/20241029/00z/aifs/0p25/oper/20241029000000-192h-oper-fc.grib2"
2024-10-26,2024-11-05,10,rumor,ecmwf-aifs-00z-aws-open,10.685,0,0,1.06,18,0,false,"ECMWF AIFS open data on AWS, 2 metre temperature, aifs/0p25/oper; https://ecmwf-forecasts.s3.eu-central-1.amazonaws.com/20241026/00z/aifs/0p25/oper/20241026000000-240h-oper-fc.grib2"
2024-10-29,2024-11-01,3,selloff,ecmwf-aifs-00z-aws-open,12.115,0,0,1.06,18,0,false,"ECMWF AIFS open data on AWS, 2 metre temperature, aifs/0p25/oper; https://ecmwf-forecasts.s3.eu-central-1.amazonaws.com/20241029/00z/aifs/0p25/oper/20241029000000-72h-oper-fc.grib2"
2024-10-30,2024-11-06,7,rumor,ecmwf-aifs-00z-aws-open,14.891,0,0,1.06,18,0,false,"ECMWF AIFS open data on AWS, 2 metre temperature, aifs/0p25/oper; https://ecmwf-forecasts.s3.eu-central-1.amazonaws.com/20241030/00z/aifs/0p25/oper/20241030000000-168h-oper-fc.grib2"
2024-10-31,2024-11-03,3,selloff,ecmwf-aifs-00z-aws-open,7.839,0,0,1.06,18,0,false,"ECMWF AIFS open data on AWS, 2 metre temperature, aifs/0p25/oper; https://ecmwf-forecasts.s3.eu-central-1.amazonaws.com/20241031/00z/aifs/0p25/oper/20241031000000-72h-oper-fc.grib2"
2024-10-31,2024-11-02,2,selloff,ecmwf-aifs-00z-aws-open,9.244,0,0,1.06,18,0,false,"ECMWF AIFS open data on AWS, 2 metre temperature, aifs/0p25/oper; https://ecmwf-forecasts.s3.eu-central-1.amazonaws.com/20241031/00z/aifs/0p25/oper/20241031000000-48h-oper-fc.grib2"
2024-10-30,2024-11-07,8,rumor,ecmwf-aifs-00z-aws-open,14.187,0,0,1.06,18,0,false,"ECMWF AIFS open data on AWS, 2 metre temperature, aifs/0p25/oper; https://ecmwf-forecasts.s3.eu-central-1.amazonaws.com/20241030/00z/aifs/0p25/oper/20241030000000-192h-oper-fc.grib2"
2024-10-30,2024-11-09,10,rumor,ecmwf-aifs-00z-aws-open,8.182,0,0,1.06,18,0,false,"ECMWF AIFS open data on AWS, 2 metre temperature, aifs/0p25/oper; https://ecmwf-forecasts.s3.eu-central-1.amazonaws.com/20241030/00z/aifs/0p25/oper/20241030000000-240h-oper-fc.grib2"
2024-10-30,2024-11-02,3,selloff,ecmwf-aifs-00z-aws-open,9.511,0,0,1.06,18,0,false,"ECMWF AIFS open data on AWS, 2 metre temperature, aifs/0p25/oper; https://ecmwf-forecasts.s3.eu-central-1.amazonaws.com/20241030/00z/aifs/0p25/oper/20241030000000-72h-oper-fc.grib2"
2024-10-31,2024-11-07,7,rumor,ecmwf-aifs-00z-aws-open,13.283,0,0,1.06,18,0,false,"ECMWF AIFS open data on AWS, 2 metre temperature, aifs/0p25/oper; https://ecmwf-forecasts.s3.eu-central-1.amazonaws.com/20241031/00z/aifs/0p25/oper/20241031000000-168h-oper-fc.grib2"
2024-10-30,2024-11-08,9,rumor,ecmwf-aifs-00z-aws-open,10.726,0,0,1.06,18,0,false,"ECMWF AIFS open data on AWS, 2 metre temperature, aifs/0p25/oper; https://ecmwf-forecasts.s3.eu-central-1.amazonaws.com/20241030/00z/aifs/0p25/oper/20241030000000-216h-oper-fc.grib2"
2024-10-31,2024-11-01,1,selloff,ecmwf-aifs-00z-aws-open,12.283,0,0,1.06,18,0,false,"ECMWF AIFS open data on AWS, 2 metre temperature, aifs/0p25/oper; https://ecmwf-forecasts.s3.eu-central-1.amazonaws.com/20241031/00z/aifs/0p25/oper/20241031000000-24h-oper-fc.grib2"
2024-10-29,2024-11-07,9,rumor,ecmwf-aifs-00z-aws-open,11.574,0,0,1.06,18,0,false,"ECMWF AIFS open data on AWS, 2 metre temperature, aifs/0p25/oper; https://ecmwf-forecasts.s3.eu-central-1.amazonaws.com/20241029/00z/aifs/0p25/oper/20241029000000-216h-oper-fc.grib2"
2024-10-30,2024-11-01,2,selloff,ecmwf-aifs-00z-aws-open,12.038,0,0,1.06,18,0,false,"ECMWF AIFS open data on AWS, 2 metre temperature, aifs/0p25/oper; https://ecmwf-forecasts.s3.eu-central-1.amazonaws.com/20241030/00z/aifs/0p25/oper/20241030000000-48h-oper-fc.grib2"
2024-10-29,2024-11-08,10,rumor,ecmwf-aifs-00z-aws-open,7.026,0,0,1.06,18,0,false,"ECMWF AIFS open data on AWS, 2 metre temperature, aifs/0p25/oper; https://ecmwf-forecasts.s3.eu-central-1.amazonaws.com/20241029/00z/aifs/0p25/oper/20241029000000-240h-oper-fc.grib2"
2024-11-02,2024-11-04,2,selloff,ecmwf-aifs-00z-aws-open,9.202,0,0,1.06,18,0,false,"ECMWF AIFS open data on AWS, 2 metre temperature, aifs/0p25/oper; https://ecmwf-forecasts.s3.eu-central-1.amazonaws.com/20241102/00z/aifs/0p25/oper/20241102000000-48h-oper-fc.grib2"
2024-11-04,2024-11-13,9,rumor,ecmwf-aifs-00z-aws-open,18.834,0,0,1.06,18,0,false,"ECMWF AIFS open data on AWS, 2 metre temperature, aifs/0p25/oper; https://ecmwf-forecasts.s3.eu-central-1.amazonaws.com/20241104/00z/aifs/0p25/oper/20241104000000-216h-oper-fc.grib2"
2024-11-02,2024-11-09,7,rumor,ecmwf-aifs-00z-aws-open,8.085,0,0,1.06,18,0,false,"ECMWF AIFS open data on AWS, 2 metre temperature, aifs/0p25/oper; https://ecmwf-forecasts.s3.eu-central-1.amazonaws.com/20241102/00z/aifs/0p25/oper/20241102000000-168h-oper-fc.grib2"
2024-11-03,2024-11-12,9,rumor,ecmwf-aifs-00z-aws-open,14.999,0,0,1.06,18,0,false,"ECMWF AIFS open data on AWS, 2 metre temperature, aifs/0p25/oper; https://ecmwf-forecasts.s3.eu-central-1.amazonaws.com/20241103/00z/aifs/0p25/oper/20241103000000-216h-oper-fc.grib2"
2024-11-01,2024-11-04,3,selloff,ecmwf-aifs-00z-aws-open,10.419,0,0,1.06,18,0,false,"ECMWF AIFS open data on AWS, 2 metre temperature, aifs/0p25/oper; https://ecmwf-forecasts.s3.eu-central-1.amazonaws.com/20241101/00z/aifs/0p25/oper/20241101000000-72h-oper-fc.grib2"
2024-10-31,2024-11-10,10,rumor,ecmwf-aifs-00z-aws-open,4.607,0,0,1.06,18,0,false,"ECMWF AIFS open data on AWS, 2 metre temperature, aifs/0p25/oper; https://ecmwf-forecasts.s3.eu-central-1.amazonaws.com/20241031/00z/aifs/0p25/oper/20241031000000-240h-oper-fc.grib2"
2024-11-04,2024-11-05,1,selloff,ecmwf-aifs-00z-aws-open,12.145,0,0,1.06,18,0,false,"ECMWF AIFS open data on AWS, 2 metre temperature, aifs/0p25/oper; https://ecmwf-forecasts.s3.eu-central-1.amazonaws.com/20241104/00z/aifs/0p25/oper/20241104000000-24h-oper-fc.grib2"
2024-11-02,2024-11-05,3,selloff,ecmwf-aifs-00z-aws-open,12.294,0,0,1.06,18,0,false,"ECMWF AIFS open data on AWS, 2 metre temperature, aifs/0p25/oper; https://ecmwf-forecasts.s3.eu-central-1.amazonaws.com/20241102/00z/aifs/0p25/oper/20241102000000-72h-oper-fc.grib2"
2024-11-01,2024-11-09,8,rumor,ecmwf-aifs-00z-aws-open,9.928,0,0,1.06,18,0,false,"ECMWF AIFS open data on AWS, 2 metre temperature, aifs/0p25/oper; https://ecmwf-forecasts.s3.eu-central-1.amazonaws.com/20241101/00z/aifs/0p25/oper/20241101000000-192h-oper-fc.grib2"
2024-11-07,2024-11-09,2,selloff,ecmwf-aifs-00z-aws-open,12.021,0,0,1.06,18,0,false,"ECMWF AIFS open data on AWS, 2 metre temperature, aifs/0p25/oper; https://ecmwf-forecasts.s3.eu-central-1.amazonaws.com/20241107/00z/aifs/0p25/oper/20241107000000-48h-oper-fc.grib2"
2024-11-05,2024-11-13,8,rumor,ecmwf-aifs-00z-aws-open,16.996,0,0,1.06,18,0,false,"ECMWF AIFS open data on AWS, 2 metre temperature, aifs/0p25/oper; https://ecmwf-forecasts.s3.eu-central-1.amazonaws.com/20241105/00z/aifs/0p25/oper/20241105000000-192h-oper-fc.grib2"
2024-11-03,2024-11-05,2,selloff,ecmwf-aifs-00z-aws-open,11.765,0,0,1.06,18,0,false,"ECMWF AIFS open data on AWS, 2 metre temperature, aifs/0p25/oper; https://ecmwf-forecasts.s3.eu-central-1.amazonaws.com/20241103/00z/aifs/0p25/oper/20241103000000-48h-oper-fc.grib2"
2024-11-02,2024-11-12,10,rumor,ecmwf-aifs-00z-aws-open,15.009,0,0,1.06,18,0,false,"ECMWF AIFS open data on AWS, 2 metre temperature, aifs/0p25/oper; https://ecmwf-forecasts.s3.eu-central-1.amazonaws.com/20241102/00z/aifs/0p25/oper/20241102000000-240h-oper-fc.grib2"
2024-11-02,2024-11-11,9,rumor,ecmwf-aifs-00z-aws-open,13.107,0,0,1.06,18,0,false,"ECMWF AIFS open data on AWS, 2 metre temperature, aifs/0p25/oper; https://ecmwf-forecasts.s3.eu-central-1.amazonaws.com/20241102/00z/aifs/0p25/oper/20241102000000-216h-oper-fc.grib2"
2024-11-07,2024-11-08,1,selloff,ecmwf-aifs-00z-aws-open,12.481,0,0,1.06,18,0,false,"ECMWF AIFS open data on AWS, 2 metre temperature, aifs/0p25/oper; https://ecmwf-forecasts.s3.eu-central-1.amazonaws.com/20241107/00z/aifs/0p25/oper/20241107000000-24h-oper-fc.grib2"
2024-10-31,2024-11-09,9,rumor,ecmwf-aifs-00z-aws-open,4.518,0,0,1.06,18,0,false,"ECMWF AIFS open data on AWS, 2 metre temperature, aifs/0p25/oper; https://ecmwf-forecasts.s3.eu-central-1.amazonaws.com/20241031/00z/aifs/0p25/oper/20241031000000-216h-oper-fc.grib2"
2024-11-04,2024-11-06,2,selloff,ecmwf-aifs-00z-aws-open,15.166,0,0,1.06,18,0,false,"ECMWF AIFS open data on AWS, 2 metre temperature, aifs/0p25/oper; https://ecmwf-forecasts.s3.eu-central-1.amazonaws.com/20241104/00z/aifs/0p25/oper/20241104000000-48h-oper-fc.grib2"
2024-11-01,2024-11-10,9,rumor,ecmwf-aifs-00z-aws-open,9.371,0,0,1.06,18,0,false,"ECMWF AIFS open data on AWS, 2 metre temperature, aifs/0p25/oper; https://ecmwf-forecasts.s3.eu-central-1.amazonaws.com/20241101/00z/aifs/0p25/oper/20241101000000-216h-oper-fc.grib2"
2024-11-02,2024-11-03,1,selloff,ecmwf-aifs-00z-aws-open,7.195,0,0,1.06,18,0,false,"ECMWF AIFS open data on AWS, 2 metre temperature, aifs/0p25/oper; https://ecmwf-forecasts.s3.eu-central-1.amazonaws.com/20241102/00z/aifs/0p25/oper/20241102000000-24h-oper-fc.grib2"
2024-11-01,2024-11-08,7,rumor,ecmwf-aifs-00z-aws-open,12.487,0,0,1.06,18,0,false,"ECMWF AIFS open data on AWS, 2 metre temperature, aifs/0p25/oper; https://ecmwf-forecasts.s3.eu-central-1.amazonaws.com/20241101/00z/aifs/0p25/oper/20241101000000-168h-oper-fc.grib2"
2024-11-01,2024-11-03,2,selloff,ecmwf-aifs-00z-aws-open,7.37,0,0,1.06,18,0,false,"ECMWF AIFS open data on AWS, 2 metre temperature, aifs/0p25/oper; https://ecmwf-forecasts.s3.eu-central-1.amazonaws.com/20241101/00z/aifs/0p25/oper/20241101000000-48h-oper-fc.grib2"
2024-11-04,2024-11-07,3,selloff,ecmwf-aifs-00z-aws-open,15.177,0,0,1.06,18,0,false,"ECMWF AIFS open data on AWS, 2 metre temperature, aifs/0p25/oper; https://ecmwf-forecasts.s3.eu-central-1.amazonaws.com/20241104/00z/aifs/0p25/oper/20241104000000-72h-oper-fc.grib2"
2024-10-31,2024-11-08,8,rumor,ecmwf-aifs-00z-aws-open,6.581,0,0,1.06,18,0,false,"ECMWF AIFS open data on AWS, 2 metre temperature, aifs/0p25/oper; https://ecmwf-forecasts.s3.eu-central-1.amazonaws.com/20241031/00z/aifs/0p25/oper/20241031000000-192h-oper-fc.grib2"
2024-11-01,2024-11-11,10,rumor,ecmwf-aifs-00z-aws-open,12.105,0,0,1.06,18,0,false,"ECMWF AIFS open data on AWS, 2 metre temperature, aifs/0p25/oper; https://ecmwf-forecasts.s3.eu-central-1.amazonaws.com/20241101/00z/aifs/0p25/oper/20241101000000-240h-oper-fc.grib2"
2024-11-06,2024-11-09,3,selloff,ecmwf-aifs-00z-aws-open,11.464,0,0,1.06,18,0,false,"ECMWF AIFS open data on AWS, 2 metre temperature, aifs/0p25/oper; https://ecmwf-forecasts.s3.eu-central-1.amazonaws.com/20241106/00z/aifs/0p25/oper/20241106000000-72h-oper-fc.grib2"
2024-11-01,2024-11-02,1,selloff,ecmwf-aifs-00z-aws-open,9.027,0,0,1.06,18,0,false,"ECMWF AIFS open data on AWS, 2 metre temperature, aifs/0p25/oper; https://ecmwf-forecasts.s3.eu-central-1.amazonaws.com/20241101/00z/aifs/0p25/oper/20241101000000-24h-oper-fc.grib2"
2024-11-04,2024-11-11,7,rumor,ecmwf-aifs-00z-aws-open,12.592,0,0,1.06,18,0,false,"ECMWF AIFS open data on AWS, 2 metre temperature, aifs/0p25/oper; https://ecmwf-forecasts.s3.eu-central-1.amazonaws.com/20241104/00z/aifs/0p25/oper/20241104000000-168h-oper-fc.grib2"
2024-11-06,2024-11-08,2,selloff,ecmwf-aifs-00z-aws-open,12.25,0,0,1.06,18,0,false,"ECMWF AIFS open data on AWS, 2 metre temperature, aifs/0p25/oper; https://ecmwf-forecasts.s3.eu-central-1.amazonaws.com/20241106/00z/aifs/0p25/oper/20241106000000-48h-oper-fc.grib2"
2024-11-03,2024-11-11,8,rumor,ecmwf-aifs-00z-aws-open,13.016,0,0,1.06,18,0,false,"ECMWF AIFS open data on AWS, 2 metre temperature, aifs/0p25/oper; https://ecmwf-forecasts.s3.eu-central-1.amazonaws.com/20241103/00z/aifs/0p25/oper/20241103000000-192h-oper-fc.grib2"
2024-11-05,2024-11-07,2,selloff,ecmwf-aifs-00z-aws-open,14.712,0,0,1.06,18,0,false,"ECMWF AIFS open data on AWS, 2 metre temperature, aifs/0p25/oper; https://ecmwf-forecasts.s3.eu-central-1.amazonaws.com/20241105/00z/aifs/0p25/oper/20241105000000-48h-oper-fc.grib2"
2024-11-05,2024-11-08,3,selloff,ecmwf-aifs-00z-aws-open,10.766,0,0,1.06,18,0,false,"ECMWF AIFS open data on AWS, 2 metre temperature, aifs/0p25/oper; https://ecmwf-forecasts.s3.eu-central-1.amazonaws.com/20241105/00z/aifs/0p25/oper/20241105000000-72h-oper-fc.grib2"
2024-11-03,2024-11-06,3,selloff,ecmwf-aifs-00z-aws-open,14.992,0,0,1.06,18,0,false,"ECMWF AIFS open data on AWS, 2 metre temperature, aifs/0p25/oper; https://ecmwf-forecasts.s3.eu-central-1.amazonaws.com/20241103/00z/aifs/0p25/oper/20241103000000-72h-oper-fc.grib2"
2024-11-06,2024-11-16,10,rumor,ecmwf-aifs-00z-aws-open,12.682,0,0,1.06,18,0,false,"ECMWF AIFS open data on AWS, 2 metre temperature, aifs/0p25/oper; https://ecmwf-forecasts.s3.eu-central-1.amazonaws.com/20241106/00z/aifs/0p25/oper/20241106000000-240h-oper-fc.grib2"
2024-11-06,2024-11-13,7,rumor,ecmwf-aifs-00z-aws-open,13.647,0,0,1.06,18,0,false,"ECMWF AIFS open data on AWS, 2 metre temperature, aifs/0p25/oper; https://ecmwf-forecasts.s3.eu-central-1.amazonaws.com/20241106/00z/aifs/0p25/oper/20241106000000-168h-oper-fc.grib2"
2024-11-05,2024-11-14,9,rumor,ecmwf-aifs-00z-aws-open,16.798,0,0,1.06,18,0,false,"ECMWF AIFS open data on AWS, 2 metre temperature, aifs/0p25/oper; https://ecmwf-forecasts.s3.eu-central-1.amazonaws.com/20241105/00z/aifs/0p25/oper/20241105000000-216h-oper-fc.grib2"
2024-11-04,2024-11-14,10,rumor,ecmwf-aifs-00z-aws-open,19.858,0,0,1.06,18,0,false,"ECMWF AIFS open data on AWS, 2 metre temperature, aifs/0p25/oper; https://ecmwf-forecasts.s3.eu-central-1.amazonaws.com/20241104/00z/aifs/0p25/oper/20241104000000-240h-oper-fc.grib2"
2024-11-05,2024-11-06,1,selloff,ecmwf-aifs-00z-aws-open,14.972,0,0,1.06,18,0,false,"ECMWF AIFS open data on AWS, 2 metre temperature, aifs/0p25/oper; https://ecmwf-forecasts.s3.eu-central-1.amazonaws.com/20241105/00z/aifs/0p25/oper/20241105000000-24h-oper-fc.grib2"
2024-11-06,2024-11-15,9,rumor,ecmwf-aifs-00z-aws-open,11.81,0,0,1.06,18,0,false,"ECMWF AIFS open data on AWS, 2 metre temperature, aifs/0p25/oper; https://ecmwf-forecasts.s3.eu-central-1.amazonaws.com/20241106/00z/aifs/0p25/oper/20241106000000-216h-oper-fc.grib2"
2024-11-02,2024-11-10,8,rumor,ecmwf-aifs-00z-aws-open,9.384,0,0,1.06,18,0,false,"ECMWF AIFS open data on AWS, 2 metre temperature, aifs/0p25/oper; https://ecmwf-forecasts.s3.eu-central-1.amazonaws.com/20241102/00z/aifs/0p25/oper/20241102000000-192h-oper-fc.grib2"
2024-11-06,2024-11-07,1,selloff,ecmwf-aifs-00z-aws-open,15.838,0,0,1.06,18,0,false,"ECMWF AIFS open data on AWS, 2 metre temperature, aifs/0p25/oper; https://ecmwf-forecasts.s3.eu-central-1.amazonaws.com/20241106/00z/aifs/0p25/oper/20241106000000-24h-oper-fc.grib2"
2024-11-04,2024-11-12,8,rumor,ecmwf-aifs-00z-aws-open,16.091,0,0,1.06,18,0,false,"ECMWF AIFS open data on AWS, 2 metre temperature, aifs/0p25/oper; https://ecmwf-forecasts.s3.eu-central-1.amazonaws.com/20241104/00z/aifs/0p25/oper/20241104000000-192h-oper-fc.grib2"
2024-11-03,2024-11-10,7,rumor,ecmwf-aifs-00z-aws-open,9.979,0,0,1.06,18,0,false,"ECMWF AIFS open data on AWS, 2 metre temperature, aifs/0p25/oper; https://ecmwf-forecasts.s3.eu-central-1.amazonaws.com/20241103/00z/aifs/0p25/oper/20241103000000-168h-oper-fc.grib2"
2024-11-03,2024-11-04,1,selloff,ecmwf-aifs-00z-aws-open,9.238,0,0,1.06,18,0,false,"ECMWF AIFS open data on AWS, 2 metre temperature, aifs/0p25/oper; https://ecmwf-forecasts.s3.eu-central-1.amazonaws.com/20241103/00z/aifs/0p25/oper/20241103000000-24h-oper-fc.grib2"
2024-11-06,2024-11-14,8,rumor,ecmwf-aifs-00z-aws-open,11.107,0,0,1.06,18,0,false,"ECMWF AIFS open data on AWS, 2 metre temperature, aifs/0p25/oper; https://ecmwf-forecasts.s3.eu-central-1.amazonaws.com/20241106/00z/aifs/0p25/oper/20241106000000-192h-oper-fc.grib2"
2024-11-05,2024-11-15,10,rumor,ecmwf-aifs-00z-aws-open,12.954,0,0,1.06,18,0,false,"ECMWF AIFS open data on AWS, 2 metre temperature, aifs/0p25/oper; https://ecmwf-forecasts.s3.eu-central-1.amazonaws.com/20241105/00z/aifs/0p25/oper/20241105000000-240h-oper-fc.grib2"
2024-11-03,2024-11-13,10,rumor,ecmwf-aifs-00z-aws-open,18.003,0,0,1.06,18,0,false,"ECMWF AIFS open data on AWS, 2 metre temperature, aifs/0p25/oper; https://ecmwf-forecasts.s3.eu-central-1.amazonaws.com/20241103/00z/aifs/0p25/oper/20241103000000-240h-oper-fc.grib2"
2024-11-07,2024-11-10,3,selloff,ecmwf-aifs-00z-aws-open,6.548,0,0,1.06,18,0,false,"ECMWF AIFS open data on AWS, 2 metre temperature, aifs/0p25/oper; https://ecmwf-forecasts.s3.eu-central-1.amazonaws.com/20241107/00z/aifs/0p25/oper/20241107000000-72h-oper-fc.grib2"
2024-11-05,2024-11-12,7,rumor,ecmwf-aifs-00z-aws-open,16.797,0,0,1.06,18,0,false,"ECMWF AIFS open data on AWS, 2 metre temperature, aifs/0p25/oper; https://ecmwf-forecasts.s3.eu-central-1.amazonaws.com/20241105/00z/aifs/0p25/oper/20241105000000-168h-oper-fc.grib2"
2024-11-07,2024-11-14,7,rumor,ecmwf-aifs-00z-aws-open,7.562,0,0,1.06,18,0,false,"ECMWF AIFS open data on AWS, 2 metre temperature, aifs/0p25/oper; https://ecmwf-forecasts.s3.eu-central-1.amazonaws.com/20241107/00z/aifs/0p25/oper/20241107000000-168h-oper-fc.grib2"
2024-11-07,2024-11-15,8,rumor,ecmwf-aifs-00z-aws-open,4.562,0,0,1.06,18,0,false,"ECMWF AIFS open data on AWS, 2 metre temperature, aifs/0p25/oper; https://ecmwf-forecasts.s3.eu-central-1.amazonaws.com/20241107/00z/aifs/0p25/oper/20241107000000-192h-oper-fc.grib2"
2024-11-07,2024-11-17,10,rumor,ecmwf-aifs-00z-aws-open,11.64,0,0,1.06,18,0,false,"ECMWF AIFS open data on AWS, 2 metre temperature, aifs/0p25/oper; https://ecmwf-forecasts.s3.eu-central-1.amazonaws.com/20241107/00z/aifs/0p25/oper/20241107000000-240h-oper-fc.grib2"
2024-11-07,2024-11-16,9,rumor,ecmwf-aifs-00z-aws-open,7.609,0,0,1.06,18,0,false,"ECMWF AIFS open data on AWS, 2 metre temperature, aifs/0p25/oper; https://ecmwf-forecasts.s3.eu-central-1.amazonaws.com/20241107/00z/aifs/0p25/oper/20241107000000-216h-oper-fc.grib2"
2024-11-08,2024-11-10,2,selloff,ecmwf-aifs-00z-aws-open,7.193,0,0,1.06,18,0,false,"ECMWF AIFS open data on AWS, 2 metre temperature, aifs/0p25/oper; https://ecmwf-forecasts.s3.eu-central-1.amazonaws.com/20241108/00z/aifs/0p25/oper/20241108000000-48h-oper-fc.grib2"
2024-11-08,2024-11-09,1,selloff,ecmwf-aifs-00z-aws-open,12.072,0,0,1.06,18,0,false,"ECMWF AIFS open data on AWS, 2 metre temperature, aifs/0p25/oper; https://ecmwf-forecasts.s3.eu-central-1.amazonaws.com/20241108/00z/aifs/0p25/oper/20241108000000-24h-oper-fc.grib2"
2024-11-08,2024-11-11,3,selloff,ecmwf-aifs-00z-aws-open,11.108,0,0,1.06,18,0,false,"ECMWF AIFS open data on AWS, 2 metre temperature, aifs/0p25/oper; https://ecmwf-forecasts.s3.eu-central-1.amazonaws.com/20241108/00z/aifs/0p25/oper/20241108000000-72h-oper-fc.grib2"
2024-11-08,2024-11-15,7,rumor,ecmwf-aifs-00z-aws-open,4.563,0,0,1.06,18,0,false,"ECMWF AIFS open data on AWS, 2 metre temperature, aifs/0p25/oper; https://ecmwf-forecasts.s3.eu-central-1.amazonaws.com/20241108/00z/aifs/0p25/oper/20241108000000-168h-oper-fc.grib2"
2024-11-08,2024-11-16,8,rumor,ecmwf-aifs-00z-aws-open,8.039,0,0,1.06,18,0,false,"ECMWF AIFS open data on AWS, 2 metre temperature, aifs/0p25/oper; https://ecmwf-forecasts.s3.eu-central-1.amazonaws.com/20241108/00z/aifs/0p25/oper/20241108000000-192h-oper-fc.grib2"
2024-11-08,2024-11-17,9,rumor,ecmwf-aifs-00z-aws-open,11.881,0,0,1.06,18,0,false,"ECMWF AIFS open data on AWS, 2 metre temperature, aifs/0p25/oper; https://ecmwf-forecasts.s3.eu-central-1.amazonaws.com/20241108/00z/aifs/0p25/oper/20241108000000-216h-oper-fc.grib2"
2024-11-08,2024-11-18,10,rumor,ecmwf-aifs-00z-aws-open,11.362,0,0,1.06,18,0,false,"ECMWF AIFS open data on AWS, 2 metre temperature, aifs/0p25/oper; https://ecmwf-forecasts.s3.eu-central-1.amazonaws.com/20241108/00z/aifs/0p25/oper/20241108000000-240h-oper-fc.grib2"
2024-11-09,2024-11-10,1,selloff,ecmwf-aifs-00z-aws-open,6.869,0,0,1.06,18,0,false,"ECMWF AIFS open data on AWS, 2 metre temperature, aifs/0p25/oper; https://ecmwf-forecasts.s3.eu-central-1.amazonaws.com/20241109/00z/aifs/0p25/oper/20241109000000-24h-oper-fc.grib2"
2024-11-09,2024-11-11,2,selloff,ecmwf-aifs-00z-aws-open,11.692,0,0,1.06,18,0,false,"ECMWF AIFS open data on AWS, 2 metre temperature, aifs/0p25/oper; https://ecmwf-forecasts.s3.eu-central-1.amazonaws.com/20241109/00z/aifs/0p25/oper/20241109000000-48h-oper-fc.grib2"
2024-11-09,2024-11-12,3,selloff,ecmwf-aifs-00z-aws-open,11.588,0,0,1.06,18,0,false,"ECMWF AIFS open data on AWS, 2 metre temperature, aifs/0p25/oper; https://ecmwf-forecasts.s3.eu-central-1.amazonaws.com/20241109/00z/aifs/0p25/oper/20241109000000-72h-oper-fc.grib2"
2024-11-09,2024-11-16,7,rumor,ecmwf-aifs-00z-aws-open,8.808,0,0,1.06,18,0,false,"ECMWF AIFS open data on AWS, 2 metre temperature, aifs/0p25/oper; https://ecmwf-forecasts.s3.eu-central-1.amazonaws.com/20241109/00z/aifs/0p25/oper/20241109000000-168h-oper-fc.grib2"
2024-11-09,2024-11-17,8,rumor,ecmwf-aifs-00z-aws-open,14.43,0,0,1.06,18,0,false,"ECMWF AIFS open data on AWS, 2 metre temperature, aifs/0p25/oper; https://ecmwf-forecasts.s3.eu-central-1.amazonaws.com/20241109/00z/aifs/0p25/oper/20241109000000-192h-oper-fc.grib2"
2024-11-09,2024-11-18,9,rumor,ecmwf-aifs-00z-aws-open,14.073,0,0,1.06,18,0,false,"ECMWF AIFS open data on AWS, 2 metre temperature, aifs/0p25/oper; https://ecmwf-forecasts.s3.eu-central-1.amazonaws.com/20241109/00z/aifs/0p25/oper/20241109000000-216h-oper-fc.grib2"
2024-11-09,2024-11-19,10,rumor,ecmwf-aifs-00z-aws-open,10.112,0,0,1.06,18,0,false,"ECMWF AIFS open data on AWS, 2 metre temperature, aifs/0p25/oper; https://ecmwf-forecasts.s3.eu-central-1.amazonaws.com/20241109/00z/aifs/0p25/oper/20241109000000-240h-oper-fc.grib2"
2024-11-10,2024-11-11,1,selloff,ecmwf-aifs-00z-aws-open,11.945,0,0,1.06,18,0,false,"ECMWF AIFS open data on AWS, 2 metre temperature, aifs/0p25/oper; https://ecmwf-forecasts.s3.eu-central-1.amazonaws.com/20241110/00z/aifs/0p25/oper/20241110000000-24h-oper-fc.grib2"
2024-11-10,2024-11-12,2,selloff,ecmwf-aifs-00z-aws-open,11.289,0,0,1.06,18,0,false,"ECMWF AIFS open data on AWS, 2 metre temperature, aifs/0p25/oper; https://ecmwf-forecasts.s3.eu-central-1.amazonaws.com/20241110/00z/aifs/0p25/oper/20241110000000-48h-oper-fc.grib2"
2024-11-10,2024-11-13,3,selloff,ecmwf-aifs-00z-aws-open,4.818,0,0,1.06,18,0,false,"ECMWF AIFS open data on AWS, 2 metre temperature, aifs/0p25/oper; https://ecmwf-forecasts.s3.eu-central-1.amazonaws.com/20241110/00z/aifs/0p25/oper/20241110000000-72h-oper-fc.grib2"
2024-11-10,2024-11-17,7,rumor,ecmwf-aifs-00z-aws-open,9.418,0,0,1.06,18,0,false,"ECMWF AIFS open data on AWS, 2 metre temperature, aifs/0p25/oper; https://ecmwf-forecasts.s3.eu-central-1.amazonaws.com/20241110/00z/aifs/0p25/oper/20241110000000-168h-oper-fc.grib2"
2024-11-10,2024-11-18,8,rumor,ecmwf-aifs-00z-aws-open,13.222,0,0,1.06,18,0,false,"ECMWF AIFS open data on AWS, 2 metre temperature, aifs/0p25/oper; https://ecmwf-forecasts.s3.eu-central-1.amazonaws.com/20241110/00z/aifs/0p25/oper/20241110000000-192h-oper-fc.grib2"
2024-11-10,2024-11-19,9,rumor,ecmwf-aifs-00z-aws-open,13.161,0,0,1.06,18,0,false,"ECMWF AIFS open data on AWS, 2 metre temperature, aifs/0p25/oper; https://ecmwf-forecasts.s3.eu-central-1.amazonaws.com/20241110/00z/aifs/0p25/oper/20241110000000-216h-oper-fc.grib2"
2024-11-10,2024-11-20,10,rumor,ecmwf-aifs-00z-aws-open,9.222,0,0,1.06,18,0,false,"ECMWF AIFS open data on AWS, 2 metre temperature, aifs/0p25/oper; https://ecmwf-forecasts.s3.eu-central-1.amazonaws.com/20241110/00z/aifs/0p25/oper/20241110000000-240h-oper-fc.grib2"
