issueDate,targetDate,leadDays,windowId,modelId,symbol,priorTradeDate,entryTradeDate,targetTradeDate,priorClose,entryClose,targetClose,returnPctPriorCloseToTarget,returnPctEntryCloseToTarget,qualifies
2024-03-14,2024-03-15,1,selloff,ecmwf-aifs-00z-aws-open,UNG,2024-03-13,2024-03-14,2024-03-15,14.90999984741211,15.569999694824219,15.130000114440918,1.476,-2.826,false
2024-03-14,2024-03-15,1,selloff,ecmwf-aifs-00z-aws-open,NG=F,2024-03-13,2024-03-14,2024-03-15,1.6579999923706055,1.7410000562667847,1.6549999713897705,-0.181,-4.94,false
2024-03-14,2024-03-17,3,selloff,ecmwf-aifs-00z-aws-open,UNG,2024-03-13,2024-03-14,2024-03-15,14.90999984741211,15.569999694824219,15.130000114440918,1.476,-2.826,false
2024-03-14,2024-03-17,3,selloff,ecmwf-aifs-00z-aws-open,NG=F,2024-03-13,2024-03-14,2024-03-15,1.6579999923706055,1.7410000562667847,1.6549999713897705,-0.181,-4.94,false
2024-03-14,2024-03-21,7,rumor,ecmwf-aifs-00z-aws-open,UNG,2024-03-13,2024-03-14,2024-03-21,14.90999984741211,15.569999694824219,15.319999694824219,2.75,-1.606,false
2024-03-14,2024-03-21,7,rumor,ecmwf-aifs-00z-aws-open,NG=F,2024-03-13,2024-03-14,2024-03-21,1.6579999923706055,1.7410000562667847,1.6829999685287476,1.508,-3.331,false
2024-03-14,2024-03-16,2,selloff,ecmwf-aifs-00z-aws-open,UNG,2024-03-13,2024-03-14,2024-03-15,14.90999984741211,15.569999694824219,15.130000114440918,1.476,-2.826,false
2024-03-14,2024-03-16,2,selloff,ecmwf-aifs-00z-aws-open,NG=F,2024-03-13,2024-03-14,2024-03-15,1.6579999923706055,1.7410000562667847,1.6549999713897705,-0.181,-4.94,false
2024-03-14,2024-03-23,9,rumor,ecmwf-aifs-00z-aws-open,UNG,2024-03-13,2024-03-14,2024-03-22,14.90999984741211,15.569999694824219,15.109999656677246,1.341,-2.954,false
2024-03-14,2024-03-23,9,rumor,ecmwf-aifs-00z-aws-open,NG=F,2024-03-13,2024-03-14,2024-03-22,1.6579999923706055,1.7410000562667847,1.659000039100647,0.06,-4.71,false
2024-03-14,2024-03-22,8,rumor,ecmwf-aifs-00z-aws-open,UNG,2024-03-13,2024-03-14,2024-03-22,14.90999984741211,15.569999694824219,15.109999656677246,1.341,-2.954,false
2024-03-14,2024-03-22,8,rumor,ecmwf-aifs-00z-aws-open,NG=F,2024-03-13,2024-03-14,2024-03-22,1.6579999923706055,1.7410000562667847,1.659000039100647,0.06,-4.71,false
2024-03-14,2024-03-24,10,rumor,ecmwf-aifs-00z-aws-open,UNG,2024-03-13,2024-03-14,2024-03-22,14.90999984741211,15.569999694824219,15.109999656677246,1.341,-2.954,false
2024-03-14,2024-03-24,10,rumor,ecmwf-aifs-00z-aws-open,NG=F,2024-03-13,2024-03-14,2024-03-22,1.6579999923706055,1.7410000562667847,1.659000039100647,0.06,-4.71,false
2024-03-15,2024-03-22,7,rumor,ecmwf-aifs-00z-aws-open,UNG,2024-03-14,2024-03-15,2024-03-22,15.569999694824219,15.130000114440918,15.109999656677246,-2.954,-0.132,false
2024-03-15,2024-03-22,7,rumor,ecmwf-aifs-00z-aws-open,NG=F,2024-03-14,2024-03-15,2024-03-22,1.7410000562667847,1.6549999713897705,1.659000039100647,-4.71,0.242,false
2024-03-15,2024-03-17,2,selloff,ecmwf-aifs-00z-aws-open,UNG,2024-03-14,2024-03-15,2024-03-15,15.569999694824219,15.130000114440918,15.130000114440918,-2.826,0,false
2024-03-15,2024-03-17,2,selloff,ecmwf-aifs-00z-aws-open,NG=F,2024-03-14,2024-03-15,2024-03-15,1.7410000562667847,1.6549999713897705,1.6549999713897705,-4.94,0,false
2024-03-15,2024-03-16,1,selloff,ecmwf-aifs-00z-aws-open,UNG,2024-03-14,2024-03-15,2024-03-15,15.569999694824219,15.130000114440918,15.130000114440918,-2.826,0,false
2024-03-15,2024-03-16,1,selloff,ecmwf-aifs-00z-aws-open,NG=F,2024-03-14,2024-03-15,2024-03-15,1.7410000562667847,1.6549999713897705,1.6549999713897705,-4.94,0,false
2024-03-15,2024-03-18,3,selloff,ecmwf-aifs-00z-aws-open,UNG,2024-03-14,2024-03-15,2024-03-18,15.569999694824219,15.130000114440918,15.34000015258789,-1.477,1.388,false
2024-03-15,2024-03-18,3,selloff,ecmwf-aifs-00z-aws-open,NG=F,2024-03-14,2024-03-15,2024-03-18,1.7410000562667847,1.6549999713897705,1.7029999494552612,-2.183,2.9,false
2024-03-15,2024-03-24,9,rumor,ecmwf-aifs-00z-aws-open,UNG,2024-03-14,2024-03-15,2024-03-22,15.569999694824219,15.130000114440918,15.109999656677246,-2.954,-0.132,false
2024-03-15,2024-03-24,9,rumor,ecmwf-aifs-00z-aws-open,NG=F,2024-03-14,2024-03-15,2024-03-22,1.7410000562667847,1.6549999713897705,1.659000039100647,-4.71,0.242,false
2024-03-16,2024-03-17,1,selloff,ecmwf-aifs-00z-aws-open,UNG,2024-03-15,2024-03-18,2024-03-15,15.130000114440918,15.34000015258789,15.130000114440918,0,-1.369,false
2024-03-16,2024-03-17,1,selloff,ecmwf-aifs-00z-aws-open,NG=F,2024-03-15,2024-03-18,2024-03-15,1.6549999713897705,1.7029999494552612,1.6549999713897705,0,-2.819,false
2024-03-15,2024-03-23,8,rumor,ecmwf-aifs-00z-aws-open,UNG,2024-03-14,2024-03-15,2024-03-22,15.569999694824219,15.130000114440918,15.109999656677246,-2.954,-0.132,false
2024-03-15,2024-03-23,8,rumor,ecmwf-aifs-00z-aws-open,NG=F,2024-03-14,2024-03-15,2024-03-22,1.7410000562667847,1.6549999713897705,1.659000039100647,-4.71,0.242,false
2024-03-15,2024-03-25,10,rumor,ecmwf-aifs-00z-aws-open,UNG,2024-03-14,2024-03-15,2024-03-25,15.569999694824219,15.130000114440918,15.039999961853027,-3.404,-0.595,false
2024-03-15,2024-03-25,10,rumor,ecmwf-aifs-00z-aws-open,NG=F,2024-03-14,2024-03-15,2024-03-25,1.7410000562667847,1.6549999713897705,1.6150000095367432,-7.237,-2.417,false
2024-03-16,2024-03-19,3,selloff,ecmwf-aifs-00z-aws-open,UNG,2024-03-15,2024-03-18,2024-03-19,15.130000114440918,15.34000015258789,15.640000343322754,3.371,1.956,false
2024-03-16,2024-03-19,3,selloff,ecmwf-aifs-00z-aws-open,NG=F,2024-03-15,2024-03-18,2024-03-19,1.6549999713897705,1.7029999494552612,1.74399995803833,5.378,2.408,false
2024-03-16,2024-03-18,2,selloff,ecmwf-aifs-00z-aws-open,UNG,2024-03-15,2024-03-18,2024-03-18,15.130000114440918,15.34000015258789,15.34000015258789,1.388,0,false
2024-03-16,2024-03-18,2,selloff,ecmwf-aifs-00z-aws-open,NG=F,2024-03-15,2024-03-18,2024-03-18,1.6549999713897705,1.7029999494552612,1.7029999494552612,2.9,0,false
2024-03-16,2024-03-24,8,rumor,ecmwf-aifs-00z-aws-open,UNG,2024-03-15,2024-03-18,2024-03-22,15.130000114440918,15.34000015258789,15.109999656677246,-0.132,-1.499,false
2024-03-16,2024-03-24,8,rumor,ecmwf-aifs-00z-aws-open,NG=F,2024-03-15,2024-03-18,2024-03-22,1.6549999713897705,1.7029999494552612,1.659000039100647,0.242,-2.584,false
2024-03-16,2024-03-23,7,rumor,ecmwf-aifs-00z-aws-open,UNG,2024-03-15,2024-03-18,2024-03-22,15.130000114440918,15.34000015258789,15.109999656677246,-0.132,-1.499,false
2024-03-16,2024-03-23,7,rumor,ecmwf-aifs-00z-aws-open,NG=F,2024-03-15,2024-03-18,2024-03-22,1.6549999713897705,1.7029999494552612,1.659000039100647,0.242,-2.584,false
2024-03-17,2024-03-18,1,selloff,ecmwf-aifs-00z-aws-open,UNG,2024-03-15,2024-03-18,2024-03-18,15.130000114440918,15.34000015258789,15.34000015258789,1.388,0,false
2024-03-17,2024-03-18,1,selloff,ecmwf-aifs-00z-aws-open,NG=F,2024-03-15,2024-03-18,2024-03-18,1.6549999713897705,1.7029999494552612,1.7029999494552612,2.9,0,false
2024-03-16,2024-03-25,9,rumor,ecmwf-aifs-00z-aws-open,UNG,2024-03-15,2024-03-18,2024-03-25,15.130000114440918,15.34000015258789,15.039999961853027,-0.595,-1.956,false
2024-03-16,2024-03-25,9,rumor,ecmwf-aifs-00z-aws-open,NG=F,2024-03-15,2024-03-18,2024-03-25,1.6549999713897705,1.7029999494552612,1.6150000095367432,-2.417,-5.167,false
2024-03-16,2024-03-26,10,rumor,ecmwf-aifs-00z-aws-open,UNG,2024-03-15,2024-03-18,2024-03-26,15.130000114440918,15.34000015258789,14.960000038146973,-1.124,-2.477,false
2024-03-16,2024-03-26,10,rumor,ecmwf-aifs-00z-aws-open,NG=F,2024-03-15,2024-03-18,2024-03-26,1.6549999713897705,1.7029999494552612,1.5750000476837158,-4.834,-7.516,false
2024-03-17,2024-03-19,2,selloff,ecmwf-aifs-00z-aws-open,UNG,2024-03-15,2024-03-18,2024-03-19,15.130000114440918,15.34000015258789,15.640000343322754,3.371,1.956,false
2024-03-17,2024-03-19,2,selloff,ecmwf-aifs-00z-aws-open,NG=F,2024-03-15,2024-03-18,2024-03-19,1.6549999713897705,1.7029999494552612,1.74399995803833,5.378,2.408,false
2024-03-17,2024-03-24,7,rumor,ecmwf-aifs-00z-aws-open,UNG,2024-03-15,2024-03-18,2024-03-22,15.130000114440918,15.34000015258789,15.109999656677246,-0.132,-1.499,false
2024-03-17,2024-03-24,7,rumor,ecmwf-aifs-00z-aws-open,NG=F,2024-03-15,2024-03-18,2024-03-22,1.6549999713897705,1.7029999494552612,1.659000039100647,0.242,-2.584,false
2024-03-17,2024-03-20,3,selloff,ecmwf-aifs-00z-aws-open,UNG,2024-03-15,2024-03-18,2024-03-20,15.130000114440918,15.34000015258789,15.369999885559082,1.586,0.196,false
2024-03-17,2024-03-20,3,selloff,ecmwf-aifs-00z-aws-open,NG=F,2024-03-15,2024-03-18,2024-03-20,1.6549999713897705,1.7029999494552612,1.6990000009536743,2.659,-0.235,false
2024-03-17,2024-03-25,8,rumor,ecmwf-aifs-00z-aws-open,UNG,2024-03-15,2024-03-18,2024-03-25,15.130000114440918,15.34000015258789,15.039999961853027,-0.595,-1.956,false
2024-03-17,2024-03-25,8,rumor,ecmwf-aifs-00z-aws-open,NG=F,2024-03-15,2024-03-18,2024-03-25,1.6549999713897705,1.7029999494552612,1.6150000095367432,-2.417,-5.167,false
2024-03-17,2024-03-26,9,rumor,ecmwf-aifs-00z-aws-open,UNG,2024-03-15,2024-03-18,2024-03-26,15.130000114440918,15.34000015258789,14.960000038146973,-1.124,-2.477,false
2024-03-17,2024-03-26,9,rumor,ecmwf-aifs-00z-aws-open,NG=F,2024-03-15,2024-03-18,2024-03-26,1.6549999713897705,1.7029999494552612,1.5750000476837158,-4.834,-7.516,false
2024-03-17,2024-03-27,10,rumor,ecmwf-aifs-00z-aws-open,UNG,2024-03-15,2024-03-18,2024-03-27,15.130000114440918,15.34000015258789,14.350000381469727,-5.155,-6.454,false
2024-03-17,2024-03-27,10,rumor,ecmwf-aifs-00z-aws-open,NG=F,2024-03-15,2024-03-18,2024-03-27,1.6549999713897705,1.7029999494552612,1.718000054359436,3.807,0.881,false
2024-03-18,2024-03-20,2,selloff,ecmwf-aifs-00z-aws-open,UNG,2024-03-15,2024-03-18,2024-03-20,15.130000114440918,15.34000015258789,15.369999885559082,1.586,0.196,false
2024-03-18,2024-03-20,2,selloff,ecmwf-aifs-00z-aws-open,NG=F,2024-03-15,2024-03-18,2024-03-20,1.6549999713897705,1.7029999494552612,1.6990000009536743,2.659,-0.235,false
2024-03-18,2024-03-19,1,selloff,ecmwf-aifs-00z-aws-open,UNG,2024-03-15,2024-03-18,2024-03-19,15.130000114440918,15.34000015258789,15.640000343322754,3.371,1.956,false
2024-03-18,2024-03-19,1,selloff,ecmwf-aifs-00z-aws-open,NG=F,2024-03-15,2024-03-18,2024-03-19,1.6549999713897705,1.7029999494552612,1.74399995803833,5.378,2.408,false
2024-03-18,2024-03-21,3,selloff,ecmwf-aifs-00z-aws-open,UNG,2024-03-15,2024-03-18,2024-03-21,15.130000114440918,15.34000015258789,15.319999694824219,1.256,-0.13,false
2024-03-18,2024-03-21,3,selloff,ecmwf-aifs-00z-aws-open,NG=F,2024-03-15,2024-03-18,2024-03-21,1.6549999713897705,1.7029999494552612,1.6829999685287476,1.692,-1.174,false
2024-03-18,2024-03-25,7,rumor,ecmwf-aifs-00z-aws-open,UNG,2024-03-15,2024-03-18,2024-03-25,15.130000114440918,15.34000015258789,15.039999961853027,-0.595,-1.956,false
2024-03-18,2024-03-25,7,rumor,ecmwf-aifs-00z-aws-open,NG=F,2024-03-15,2024-03-18,2024-03-25,1.6549999713897705,1.7029999494552612,1.6150000095367432,-2.417,-5.167,false
2024-03-18,2024-03-27,9,rumor,ecmwf-aifs-00z-aws-open,UNG,2024-03-15,2024-03-18,2024-03-27,15.130000114440918,15.34000015258789,14.350000381469727,-5.155,-6.454,false
2024-03-18,2024-03-27,9,rumor,ecmwf-aifs-00z-aws-open,NG=F,2024-03-15,2024-03-18,2024-03-27,1.6549999713897705,1.7029999494552612,1.718000054359436,3.807,0.881,false
2024-03-18,2024-03-26,8,rumor,ecmwf-aifs-00z-aws-open,UNG,2024-03-15,2024-03-18,2024-03-26,15.130000114440918,15.34000015258789,14.960000038146973,-1.124,-2.477,false
2024-03-18,2024-03-26,8,rumor,ecmwf-aifs-00z-aws-open,NG=F,2024-03-15,2024-03-18,2024-03-26,1.6549999713897705,1.7029999494552612,1.5750000476837158,-4.834,-7.516,false
2024-03-19,2024-03-20,1,selloff,ecmwf-aifs-00z-aws-open,UNG,2024-03-18,2024-03-19,2024-03-20,15.34000015258789,15.640000343322754,15.369999885559082,0.196,-1.726,false
2024-03-19,2024-03-20,1,selloff,ecmwf-aifs-00z-aws-open,NG=F,2024-03-18,2024-03-19,2024-03-20,1.7029999494552612,1.74399995803833,1.6990000009536743,-0.235,-2.58,false
2024-03-18,2024-03-28,10,rumor,ecmwf-aifs-00z-aws-open,UNG,2024-03-15,2024-03-18,2024-03-28,15.130000114440918,15.34000015258789,14.569999694824219,-3.701,-5.02,false
2024-03-18,2024-03-28,10,rumor,ecmwf-aifs-00z-aws-open,NG=F,2024-03-15,2024-03-18,2024-03-28,1.6549999713897705,1.7029999494552612,1.7630000114440918,6.526,3.523,false
2024-03-19,2024-03-21,2,selloff,ecmwf-aifs-00z-aws-open,UNG,2024-03-18,2024-03-19,2024-03-21,15.34000015258789,15.640000343322754,15.319999694824219,-0.13,-2.046,false
2024-03-19,2024-03-21,2,selloff,ecmwf-aifs-00z-aws-open,NG=F,2024-03-18,2024-03-19,2024-03-21,1.7029999494552612,1.74399995803833,1.6829999685287476,-1.174,-3.498,false
2024-03-19,2024-03-22,3,selloff,ecmwf-aifs-00z-aws-open,UNG,2024-03-18,2024-03-19,2024-03-22,15.34000015258789,15.640000343322754,15.109999656677246,-1.499,-3.389,false
2024-03-19,2024-03-22,3,selloff,ecmwf-aifs-00z-aws-open,NG=F,2024-03-18,2024-03-19,2024-03-22,1.7029999494552612,1.74399995803833,1.659000039100647,-2.584,-4.874,false
2024-03-19,2024-03-27,8,rumor,ecmwf-aifs-00z-aws-open,UNG,2024-03-18,2024-03-19,2024-03-27,15.34000015258789,15.640000343322754,14.350000381469727,-6.454,-8.248,false
2024-03-19,2024-03-27,8,rumor,ecmwf-aifs-00z-aws-open,NG=F,2024-03-18,2024-03-19,2024-03-27,1.7029999494552612,1.74399995803833,1.718000054359436,0.881,-1.491,false
2024-03-19,2024-03-26,7,rumor,ecmwf-aifs-00z-aws-open,UNG,2024-03-18,2024-03-19,2024-03-26,15.34000015258789,15.640000343322754,14.960000038146973,-2.477,-4.348,false
2024-03-19,2024-03-26,7,rumor,ecmwf-aifs-00z-aws-open,NG=F,2024-03-18,2024-03-19,2024-03-26,1.7029999494552612,1.74399995803833,1.5750000476837158,-7.516,-9.69,false
2024-03-19,2024-03-28,9,rumor,ecmwf-aifs-00z-aws-open,UNG,2024-03-18,2024-03-19,2024-03-28,15.34000015258789,15.640000343322754,14.569999694824219,-5.02,-6.841,false
2024-03-19,2024-03-28,9,rumor,ecmwf-aifs-00z-aws-open,NG=F,2024-03-18,2024-03-19,2024-03-28,1.7029999494552612,1.74399995803833,1.7630000114440918,3.523,1.089,false
2024-03-19,2024-03-29,10,rumor,ecmwf-aifs-00z-aws-open,UNG,2024-03-18,2024-03-19,2024-03-28,15.34000015258789,15.640000343322754,14.569999694824219,-5.02,-6.841,false
2024-03-19,2024-03-29,10,rumor,ecmwf-aifs-00z-aws-open,NG=F,2024-03-18,2024-03-19,2024-03-28,1.7029999494552612,1.74399995803833,1.7630000114440918,3.523,1.089,false
2024-03-20,2024-03-21,1,selloff,ecmwf-aifs-00z-aws-open,UNG,2024-03-19,2024-03-20,2024-03-21,15.640000343322754,15.369999885559082,15.319999694824219,-2.046,-0.325,false
2024-03-20,2024-03-21,1,selloff,ecmwf-aifs-00z-aws-open,NG=F,2024-03-19,2024-03-20,2024-03-21,1.74399995803833,1.6990000009536743,1.6829999685287476,-3.498,-0.942,false
2024-03-20,2024-03-22,2,selloff,ecmwf-aifs-00z-aws-open,UNG,2024-03-19,2024-03-20,2024-03-22,15.640000343322754,15.369999885559082,15.109999656677246,-3.389,-1.692,false
2024-03-20,2024-03-22,2,selloff,ecmwf-aifs-00z-aws-open,NG=F,2024-03-19,2024-03-20,2024-03-22,1.74399995803833,1.6990000009536743,1.659000039100647,-4.874,-2.354,false
2024-03-20,2024-03-27,7,rumor,ecmwf-aifs-00z-aws-open,UNG,2024-03-19,2024-03-20,2024-03-27,15.640000343322754,15.369999885559082,14.350000381469727,-8.248,-6.636,false
2024-03-20,2024-03-27,7,rumor,ecmwf-aifs-00z-aws-open,NG=F,2024-03-19,2024-03-20,2024-03-27,1.74399995803833,1.6990000009536743,1.718000054359436,-1.491,1.118,false
2024-03-20,2024-03-23,3,selloff,ecmwf-aifs-00z-aws-open,UNG,2024-03-19,2024-03-20,2024-03-22,15.640000343322754,15.369999885559082,15.109999656677246,-3.389,-1.692,false
2024-03-20,2024-03-23,3,selloff,ecmwf-aifs-00z-aws-open,NG=F,2024-03-19,2024-03-20,2024-03-22,1.74399995803833,1.6990000009536743,1.659000039100647,-4.874,-2.354,false
2024-03-20,2024-03-29,9,rumor,ecmwf-aifs-00z-aws-open,UNG,2024-03-19,2024-03-20,2024-03-28,15.640000343322754,15.369999885559082,14.569999694824219,-6.841,-5.205,false
2024-03-20,2024-03-29,9,rumor,ecmwf-aifs-00z-aws-open,NG=F,2024-03-19,2024-03-20,2024-03-28,1.74399995803833,1.6990000009536743,1.7630000114440918,1.089,3.767,false
2024-03-20,2024-03-28,8,rumor,ecmwf-aifs-00z-aws-open,UNG,2024-03-19,2024-03-20,2024-03-28,15.640000343322754,15.369999885559082,14.569999694824219,-6.841,-5.205,false
2024-03-20,2024-03-28,8,rumor,ecmwf-aifs-00z-aws-open,NG=F,2024-03-19,2024-03-20,2024-03-28,1.74399995803833,1.6990000009536743,1.7630000114440918,1.089,3.767,false
2024-03-21,2024-03-22,1,selloff,ecmwf-aifs-00z-aws-open,UNG,2024-03-20,2024-03-21,2024-03-22,15.369999885559082,15.319999694824219,15.109999656677246,-1.692,-1.371,false
2024-03-21,2024-03-22,1,selloff,ecmwf-aifs-00z-aws-open,NG=F,2024-03-20,2024-03-21,2024-03-22,1.6990000009536743,1.6829999685287476,1.659000039100647,-2.354,-1.426,false
2024-03-20,2024-03-30,10,rumor,ecmwf-aifs-00z-aws-open,UNG,2024-03-19,2024-03-20,2024-03-28,15.640000343322754,15.369999885559082,14.569999694824219,-6.841,-5.205,false
2024-03-20,2024-03-30,10,rumor,ecmwf-aifs-00z-aws-open,NG=F,2024-03-19,2024-03-20,2024-03-28,1.74399995803833,1.6990000009536743,1.7630000114440918,1.089,3.767,false
2024-03-21,2024-03-23,2,selloff,ecmwf-aifs-00z-aws-open,UNG,2024-03-20,2024-03-21,2024-03-22,15.369999885559082,15.319999694824219,15.109999656677246,-1.692,-1.371,false
2024-03-21,2024-03-23,2,selloff,ecmwf-aifs-00z-aws-open,NG=F,2024-03-20,2024-03-21,2024-03-22,1.6990000009536743,1.6829999685287476,1.659000039100647,-2.354,-1.426,false
2024-03-21,2024-03-24,3,selloff,ecmwf-aifs-00z-aws-open,UNG,2024-03-20,2024-03-21,2024-03-22,15.369999885559082,15.319999694824219,15.109999656677246,-1.692,-1.371,false
2024-03-21,2024-03-24,3,selloff,ecmwf-aifs-00z-aws-open,NG=F,2024-03-20,2024-03-21,2024-03-22,1.6990000009536743,1.6829999685287476,1.659000039100647,-2.354,-1.426,false
2024-03-21,2024-03-29,8,rumor,ecmwf-aifs-00z-aws-open,UNG,2024-03-20,2024-03-21,2024-03-28,15.369999885559082,15.319999694824219,14.569999694824219,-5.205,-4.896,false
2024-03-21,2024-03-29,8,rumor,ecmwf-aifs-00z-aws-open,NG=F,2024-03-20,2024-03-21,2024-03-28,1.6990000009536743,1.6829999685287476,1.7630000114440918,3.767,4.753,false
2024-03-21,2024-03-28,7,rumor,ecmwf-aifs-00z-aws-open,UNG,2024-03-20,2024-03-21,2024-03-28,15.369999885559082,15.319999694824219,14.569999694824219,-5.205,-4.896,false
2024-03-21,2024-03-28,7,rumor,ecmwf-aifs-00z-aws-open,NG=F,2024-03-20,2024-03-21,2024-03-28,1.6990000009536743,1.6829999685287476,1.7630000114440918,3.767,4.753,false
2024-03-21,2024-03-30,9,rumor,ecmwf-aifs-00z-aws-open,UNG,2024-03-20,2024-03-21,2024-03-28,15.369999885559082,15.319999694824219,14.569999694824219,-5.205,-4.896,false
2024-03-21,2024-03-30,9,rumor,ecmwf-aifs-00z-aws-open,NG=F,2024-03-20,2024-03-21,2024-03-28,1.6990000009536743,1.6829999685287476,1.7630000114440918,3.767,4.753,false
2024-03-21,2024-03-31,10,rumor,ecmwf-aifs-00z-aws-open,UNG,2024-03-20,2024-03-21,2024-03-28,15.369999885559082,15.319999694824219,14.569999694824219,-5.205,-4.896,false
2024-03-21,2024-03-31,10,rumor,ecmwf-aifs-00z-aws-open,NG=F,2024-03-20,2024-03-21,2024-03-28,1.6990000009536743,1.6829999685287476,1.7630000114440918,3.767,4.753,false
2024-03-22,2024-03-24,2,selloff,ecmwf-aifs-00z-aws-open,UNG,2024-03-21,2024-03-22,2024-03-22,15.319999694824219,15.109999656677246,15.109999656677246,-1.371,0,false
2024-03-22,2024-03-24,2,selloff,ecmwf-aifs-00z-aws-open,NG=F,2024-03-21,2024-03-22,2024-03-22,1.6829999685287476,1.659000039100647,1.659000039100647,-1.426,0,false
2024-03-22,2024-03-23,1,selloff,ecmwf-aifs-00z-aws-open,UNG,2024-03-21,2024-03-22,2024-03-22,15.319999694824219,15.109999656677246,15.109999656677246,-1.371,0,false
2024-03-22,2024-03-23,1,selloff,ecmwf-aifs-00z-aws-open,NG=F,2024-03-21,2024-03-22,2024-03-22,1.6829999685287476,1.659000039100647,1.659000039100647,-1.426,0,false
2024-03-22,2024-03-29,7,rumor,ecmwf-aifs-00z-aws-open,UNG,2024-03-21,2024-03-22,2024-03-28,15.319999694824219,15.109999656677246,14.569999694824219,-4.896,-3.574,false
2024-03-22,2024-03-29,7,rumor,ecmwf-aifs-00z-aws-open,NG=F,2024-03-21,2024-03-22,2024-03-28,1.6829999685287476,1.659000039100647,1.7630000114440918,4.753,6.269,false
2024-03-22,2024-03-25,3,selloff,ecmwf-aifs-00z-aws-open,UNG,2024-03-21,2024-03-22,2024-03-25,15.319999694824219,15.109999656677246,15.039999961853027,-1.828,-0.463,false
2024-03-22,2024-03-25,3,selloff,ecmwf-aifs-00z-aws-open,NG=F,2024-03-21,2024-03-22,2024-03-25,1.6829999685287476,1.659000039100647,1.6150000095367432,-4.04,-2.652,false
2024-03-22,2024-03-31,9,rumor,ecmwf-aifs-00z-aws-open,UNG,2024-03-21,2024-03-22,2024-03-28,15.319999694824219,15.109999656677246,14.569999694824219,-4.896,-3.574,false
2024-03-22,2024-03-31,9,rumor,ecmwf-aifs-00z-aws-open,NG=F,2024-03-21,2024-03-22,2024-03-28,1.6829999685287476,1.659000039100647,1.7630000114440918,4.753,6.269,false
2024-03-22,2024-03-30,8,rumor,ecmwf-aifs-00z-aws-open,UNG,2024-03-21,2024-03-22,2024-03-28,15.319999694824219,15.109999656677246,14.569999694824219,-4.896,-3.574,false
2024-03-22,2024-03-30,8,rumor,ecmwf-aifs-00z-aws-open,NG=F,2024-03-21,2024-03-22,2024-03-28,1.6829999685287476,1.659000039100647,1.7630000114440918,4.753,6.269,false
2024-03-23,2024-03-24,1,selloff,ecmwf-aifs-00z-aws-open,UNG,2024-03-22,2024-03-25,2024-03-22,15.109999656677246,15.039999961853027,15.109999656677246,0,0.465,false
2024-03-23,2024-03-24,1,selloff,ecmwf-aifs-00z-aws-open,NG=F,2024-03-22,2024-03-25,2024-03-22,1.659000039100647,1.6150000095367432,1.659000039100647,0,2.724,false
2024-03-23,2024-03-25,2,selloff,ecmwf-aifs-00z-aws-open,UNG,2024-03-22,2024-03-25,2024-03-25,15.109999656677246,15.039999961853027,15.039999961853027,-0.463,0,false
2024-03-23,2024-03-25,2,selloff,ecmwf-aifs-00z-aws-open,NG=F,2024-03-22,2024-03-25,2024-03-25,1.659000039100647,1.6150000095367432,1.6150000095367432,-2.652,0,false
2024-03-23,2024-03-26,3,selloff,ecmwf-aifs-00z-aws-open,UNG,2024-03-22,2024-03-25,2024-03-26,15.109999656677246,15.039999961853027,14.960000038146973,-0.993,-0.532,false
2024-03-23,2024-03-26,3,selloff,ecmwf-aifs-00z-aws-open,NG=F,2024-03-22,2024-03-25,2024-03-26,1.659000039100647,1.6150000095367432,1.5750000476837158,-5.063,-2.477,false
2024-03-23,2024-03-30,7,rumor,ecmwf-aifs-00z-aws-open,UNG,2024-03-22,2024-03-25,2024-03-28,15.109999656677246,15.039999961853027,14.569999694824219,-3.574,-3.125,false
2024-03-23,2024-03-30,7,rumor,ecmwf-aifs-00z-aws-open,NG=F,2024-03-22,2024-03-25,2024-03-28,1.659000039100647,1.6150000095367432,1.7630000114440918,6.269,9.164,false
2024-03-24,2024-03-25,1,selloff,ecmwf-aifs-00z-aws-open,UNG,2024-03-22,2024-03-25,2024-03-25,15.109999656677246,15.039999961853027,15.039999961853027,-0.463,0,false
2024-03-24,2024-03-25,1,selloff,ecmwf-aifs-00z-aws-open,NG=F,2024-03-22,2024-03-25,2024-03-25,1.659000039100647,1.6150000095367432,1.6150000095367432,-2.652,0,false
2024-03-23,2024-03-31,8,rumor,ecmwf-aifs-00z-aws-open,UNG,2024-03-22,2024-03-25,2024-03-28,15.109999656677246,15.039999961853027,14.569999694824219,-3.574,-3.125,false
2024-03-23,2024-03-31,8,rumor,ecmwf-aifs-00z-aws-open,NG=F,2024-03-22,2024-03-25,2024-03-28,1.659000039100647,1.6150000095367432,1.7630000114440918,6.269,9.164,false
2024-03-24,2024-03-26,2,selloff,ecmwf-aifs-00z-aws-open,UNG,2024-03-22,2024-03-25,2024-03-26,15.109999656677246,15.039999961853027,14.960000038146973,-0.993,-0.532,false
2024-03-24,2024-03-26,2,selloff,ecmwf-aifs-00z-aws-open,NG=F,2024-03-22,2024-03-25,2024-03-26,1.659000039100647,1.6150000095367432,1.5750000476837158,-5.063,-2.477,false
2024-03-24,2024-03-27,3,selloff,ecmwf-aifs-00z-aws-open,UNG,2024-03-22,2024-03-25,2024-03-27,15.109999656677246,15.039999961853027,14.350000381469727,-5.03,-4.588,false
2024-03-24,2024-03-27,3,selloff,ecmwf-aifs-00z-aws-open,NG=F,2024-03-22,2024-03-25,2024-03-27,1.659000039100647,1.6150000095367432,1.718000054359436,3.556,6.378,false
2024-03-24,2024-03-31,7,rumor,ecmwf-aifs-00z-aws-open,UNG,2024-03-22,2024-03-25,2024-03-28,15.109999656677246,15.039999961853027,14.569999694824219,-3.574,-3.125,false
2024-03-24,2024-03-31,7,rumor,ecmwf-aifs-00z-aws-open,NG=F,2024-03-22,2024-03-25,2024-03-28,1.659000039100647,1.6150000095367432,1.7630000114440918,6.269,9.164,false
2024-03-25,2024-03-28,3,selloff,ecmwf-aifs-00z-aws-open,UNG,2024-03-22,2024-03-25,2024-03-28,15.109999656677246,15.039999961853027,14.569999694824219,-3.574,-3.125,false
2024-03-25,2024-03-28,3,selloff,ecmwf-aifs-00z-aws-open,NG=F,2024-03-22,2024-03-25,2024-03-28,1.659000039100647,1.6150000095367432,1.7630000114440918,6.269,9.164,false
2024-03-25,2024-03-26,1,selloff,ecmwf-aifs-00z-aws-open,UNG,2024-03-22,2024-03-25,2024-03-26,15.109999656677246,15.039999961853027,14.960000038146973,-0.993,-0.532,false
2024-03-25,2024-03-26,1,selloff,ecmwf-aifs-00z-aws-open,NG=F,2024-03-22,2024-03-25,2024-03-26,1.659000039100647,1.6150000095367432,1.5750000476837158,-5.063,-2.477,false
2024-03-25,2024-03-27,2,selloff,ecmwf-aifs-00z-aws-open,UNG,2024-03-22,2024-03-25,2024-03-27,15.109999656677246,15.039999961853027,14.350000381469727,-5.03,-4.588,false
2024-03-25,2024-03-27,2,selloff,ecmwf-aifs-00z-aws-open,NG=F,2024-03-22,2024-03-25,2024-03-27,1.659000039100647,1.6150000095367432,1.718000054359436,3.556,6.378,false
2024-03-26,2024-03-27,1,selloff,ecmwf-aifs-00z-aws-open,UNG,2024-03-25,2024-03-26,2024-03-27,15.039999961853027,14.960000038146973,14.350000381469727,-4.588,-4.078,false
2024-03-26,2024-03-27,1,selloff,ecmwf-aifs-00z-aws-open,NG=F,2024-03-25,2024-03-26,2024-03-27,1.6150000095367432,1.5750000476837158,1.718000054359436,6.378,9.079,false
2024-10-22,2024-11-01,10,rumor,ecmwf-aifs-00z-aws-open,UNG,2024-10-21,2024-10-22,2024-11-01,13.25,13.5,12.479999542236328,-5.811,-7.556,false
2024-10-22,2024-11-01,10,rumor,ecmwf-aifs-00z-aws-open,NG=F,2024-10-21,2024-10-22,2024-11-01,2.312000036239624,2.311000108718872,2.6630001068115234,15.182,15.232,false
2024-03-30,2024-03-31,1,selloff,ecmwf-aifs-00z-aws-open,UNG,2024-03-28,2024-04-01,2024-03-28,14.569999694824219,15.390000343322754,14.569999694824219,0,-5.328,false
2024-03-30,2024-03-31,1,selloff,ecmwf-aifs-00z-aws-open,NG=F,2024-03-28,2024-04-01,2024-03-28,1.7630000114440918,1.8370000123977661,1.7630000114440918,0,-4.028,false
2024-03-27,2024-03-28,1,selloff,ecmwf-aifs-00z-aws-open,UNG,2024-03-26,2024-03-27,2024-03-28,14.960000038146973,14.350000381469727,14.569999694824219,-2.607,1.533,false
2024-03-27,2024-03-28,1,selloff,ecmwf-aifs-00z-aws-open,NG=F,2024-03-26,2024-03-27,2024-03-28,1.5750000476837158,1.718000054359436,1.7630000114440918,11.937,2.619,false
2024-03-29,2024-03-31,2,selloff,ecmwf-aifs-00z-aws-open,UNG,2024-03-28,2024-04-01,2024-03-28,14.569999694824219,15.390000343322754,14.569999694824219,0,-5.328,false
2024-03-29,2024-03-31,2,selloff,ecmwf-aifs-00z-aws-open,NG=F,2024-03-28,2024-04-01,2024-03-28,1.7630000114440918,1.8370000123977661,1.7630000114440918,0,-4.028,false
2024-03-28,2024-03-30,2,selloff,ecmwf-aifs-00z-aws-open,UNG,2024-03-27,2024-03-28,2024-03-28,14.350000381469727,14.569999694824219,14.569999694824219,1.533,0,false
2024-03-28,2024-03-30,2,selloff,ecmwf-aifs-00z-aws-open,NG=F,2024-03-27,2024-03-28,2024-03-28,1.718000054359436,1.7630000114440918,1.7630000114440918,2.619,0,false
2024-03-28,2024-03-29,1,selloff,ecmwf-aifs-00z-aws-open,UNG,2024-03-27,2024-03-28,2024-03-28,14.350000381469727,14.569999694824219,14.569999694824219,1.533,0,false
2024-03-28,2024-03-29,1,selloff,ecmwf-aifs-00z-aws-open,NG=F,2024-03-27,2024-03-28,2024-03-28,1.718000054359436,1.7630000114440918,1.7630000114440918,2.619,0,false
2024-03-26,2024-03-29,3,selloff,ecmwf-aifs-00z-aws-open,UNG,2024-03-25,2024-03-26,2024-03-28,15.039999961853027,14.960000038146973,14.569999694824219,-3.125,-2.607,false
2024-03-26,2024-03-29,3,selloff,ecmwf-aifs-00z-aws-open,NG=F,2024-03-25,2024-03-26,2024-03-28,1.6150000095367432,1.5750000476837158,1.7630000114440918,9.164,11.937,false
2024-03-29,2024-03-30,1,selloff,ecmwf-aifs-00z-aws-open,UNG,2024-03-28,2024-04-01,2024-03-28,14.569999694824219,15.390000343322754,14.569999694824219,0,-5.328,false
2024-03-29,2024-03-30,1,selloff,ecmwf-aifs-00z-aws-open,NG=F,2024-03-28,2024-04-01,2024-03-28,1.7630000114440918,1.8370000123977661,1.7630000114440918,0,-4.028,false
2024-03-28,2024-03-31,3,selloff,ecmwf-aifs-00z-aws-open,UNG,2024-03-27,2024-03-28,2024-03-28,14.350000381469727,14.569999694824219,14.569999694824219,1.533,0,false
2024-03-28,2024-03-31,3,selloff,ecmwf-aifs-00z-aws-open,NG=F,2024-03-27,2024-03-28,2024-03-28,1.718000054359436,1.7630000114440918,1.7630000114440918,2.619,0,false
2024-03-26,2024-03-28,2,selloff,ecmwf-aifs-00z-aws-open,UNG,2024-03-25,2024-03-26,2024-03-28,15.039999961853027,14.960000038146973,14.569999694824219,-3.125,-2.607,false
2024-03-26,2024-03-28,2,selloff,ecmwf-aifs-00z-aws-open,NG=F,2024-03-25,2024-03-26,2024-03-28,1.6150000095367432,1.5750000476837158,1.7630000114440918,9.164,11.937,false
2024-03-27,2024-03-29,2,selloff,ecmwf-aifs-00z-aws-open,UNG,2024-03-26,2024-03-27,2024-03-28,14.960000038146973,14.350000381469727,14.569999694824219,-2.607,1.533,false
2024-03-27,2024-03-29,2,selloff,ecmwf-aifs-00z-aws-open,NG=F,2024-03-26,2024-03-27,2024-03-28,1.5750000476837158,1.718000054359436,1.7630000114440918,11.937,2.619,false
2024-03-27,2024-03-30,3,selloff,ecmwf-aifs-00z-aws-open,UNG,2024-03-26,2024-03-27,2024-03-28,14.960000038146973,14.350000381469727,14.569999694824219,-2.607,1.533,false
2024-03-27,2024-03-30,3,selloff,ecmwf-aifs-00z-aws-open,NG=F,2024-03-26,2024-03-27,2024-03-28,1.5750000476837158,1.718000054359436,1.7630000114440918,11.937,2.619,false
2024-10-25,2024-11-01,7,rumor,ecmwf-aifs-00z-aws-open,UNG,2024-10-24,2024-10-25,2024-11-01,14.319999694824219,14.449999809265137,12.479999542236328,-12.849,-13.633,false
2024-10-25,2024-11-01,7,rumor,ecmwf-aifs-00z-aws-open,NG=F,2024-10-24,2024-10-25,2024-11-01,2.5220000743865967,2.559999942779541,2.6630001068115234,5.591,4.023,false
2024-10-23,2024-11-01,9,rumor,ecmwf-aifs-00z-aws-open,UNG,2024-10-22,2024-10-23,2024-11-01,13.5,13.819999694824219,12.479999542236328,-7.556,-9.696,false
2024-10-23,2024-11-01,9,rumor,ecmwf-aifs-00z-aws-open,NG=F,2024-10-22,2024-10-23,2024-11-01,2.311000108718872,2.3420000076293945,2.6630001068115234,15.232,13.706,false
2024-10-26,2024-11-04,9,rumor,ecmwf-aifs-00z-aws-open,UNG,2024-10-25,2024-10-28,2024-11-04,14.449999809265137,13.34000015258789,13.0600004196167,-9.619,-2.099,false
2024-10-26,2024-11-04,9,rumor,ecmwf-aifs-00z-aws-open,NG=F,2024-10-25,2024-10-28,2024-11-04,2.559999942779541,2.309000015258789,2.7809998989105225,8.633,20.442,false
2024-10-25,2024-11-02,8,rumor,ecmwf-aifs-00z-aws-open,UNG,2024-10-24,2024-10-25,2024-11-01,14.319999694824219,14.449999809265137,12.479999542236328,-12.849,-13.633,false
2024-10-25,2024-11-02,8,rumor,ecmwf-aifs-00z-aws-open,NG=F,2024-10-24,2024-10-25,2024-11-01,2.5220000743865967,2.559999942779541,2.6630001068115234,5.591,4.023,false
2024-10-23,2024-11-02,10,rumor,ecmwf-aifs-00z-aws-open,UNG,2024-10-22,2024-10-23,2024-11-01,13.5,13.819999694824219,12.479999542236328,-7.556,-9.696,false
2024-10-23,2024-11-02,10,rumor,ecmwf-aifs-00z-aws-open,NG=F,2024-10-22,2024-10-23,2024-11-01,2.311000108718872,2.3420000076293945,2.6630001068115234,15.232,13.706,false
2024-10-25,2024-11-04,10,rumor,ecmwf-aifs-00z-aws-open,UNG,2024-10-24,2024-10-25,2024-11-04,14.319999694824219,14.449999809265137,13.0600004196167,-8.799,-9.619,false
2024-10-25,2024-11-04,10,rumor,ecmwf-aifs-00z-aws-open,NG=F,2024-10-24,2024-10-25,2024-11-04,2.5220000743865967,2.559999942779541,2.7809998989105225,10.27,8.633,false
2024-10-25,2024-11-03,9,rumor,ecmwf-aifs-00z-aws-open,UNG,2024-10-24,2024-10-25,2024-11-01,14.319999694824219,14.449999809265137,12.479999542236328,-12.849,-13.633,false
2024-10-25,2024-11-03,9,rumor,ecmwf-aifs-00z-aws-open,NG=F,2024-10-24,2024-10-25,2024-11-01,2.5220000743865967,2.559999942779541,2.6630001068115234,5.591,4.023,false
2024-10-26,2024-11-02,7,rumor,ecmwf-aifs-00z-aws-open,UNG,2024-10-25,2024-10-28,2024-11-01,14.449999809265137,13.34000015258789,12.479999542236328,-13.633,-6.447,false
2024-10-26,2024-11-02,7,rumor,ecmwf-aifs-00z-aws-open,NG=F,2024-10-25,2024-10-28,2024-11-01,2.559999942779541,2.309000015258789,2.6630001068115234,4.023,15.331,false
2024-10-24,2024-11-02,9,rumor,ecmwf-aifs-00z-aws-open,UNG,2024-10-23,2024-10-24,2024-11-01,13.819999694824219,14.319999694824219,12.479999542236328,-9.696,-12.849,false
2024-10-24,2024-11-02,9,rumor,ecmwf-aifs-00z-aws-open,NG=F,2024-10-23,2024-10-24,2024-11-01,2.3420000076293945,2.5220000743865967,2.6630001068115234,13.706,5.591,false
2024-10-24,2024-11-01,8,rumor,ecmwf-aifs-00z-aws-open,UNG,2024-10-23,2024-10-24,2024-11-01,13.819999694824219,14.319999694824219,12.479999542236328,-9.696,-12.849,false
2024-10-24,2024-11-01,8,rumor,ecmwf-aifs-00z-aws-open,NG=F,2024-10-23,2024-10-24,2024-11-01,2.3420000076293945,2.5220000743865967,2.6630001068115234,13.706,5.591,false
2024-10-26,2024-11-03,8,rumor,ecmwf-aifs-00z-aws-open,UNG,2024-10-25,2024-10-28,2024-11-01,14.449999809265137,13.34000015258789,12.479999542236328,-13.633,-6.447,false
2024-10-26,2024-11-03,8,rumor,ecmwf-aifs-00z-aws-open,NG=F,2024-10-25,2024-10-28,2024-11-01,2.559999942779541,2.309000015258789,2.6630001068115234,4.023,15.331,false
2024-10-24,2024-11-03,10,rumor,ecmwf-aifs-00z-aws-open,UNG,2024-10-23,2024-10-24,2024-11-01,13.819999694824219,14.319999694824219,12.479999542236328,-9.696,-12.849,false
2024-10-24,2024-11-03,10,rumor,ecmwf-aifs-00z-aws-open,NG=F,2024-10-23,2024-10-24,2024-11-01,2.3420000076293945,2.5220000743865967,2.6630001068115234,13.706,5.591,false
2024-10-28,2024-11-06,9,rumor,ecmwf-aifs-00z-aws-open,UNG,2024-10-25,2024-10-28,2024-11-06,14.449999809265137,13.34000015258789,12.869999885559082,-10.934,-3.523,false
2024-10-28,2024-11-06,9,rumor,ecmwf-aifs-00z-aws-open,NG=F,2024-10-25,2024-10-28,2024-11-06,2.559999942779541,2.309000015258789,2.746999979019165,7.305,18.969,false
2024-10-29,2024-11-05,7,rumor,ecmwf-aifs-00z-aws-open,UNG,2024-10-28,2024-10-29,2024-11-05,13.34000015258789,13.40999984741211,12.529999732971191,-6.072,-6.562,false
2024-10-29,2024-11-05,7,rumor,ecmwf-aifs-00z-aws-open,NG=F,2024-10-28,2024-10-29,2024-11-05,2.309000015258789,2.3459999561309814,2.6700000762939453,15.634,13.811,false
2024-10-27,2024-11-05,9,rumor,ecmwf-aifs-00z-aws-open,UNG,2024-10-25,2024-10-28,2024-11-05,14.449999809265137,13.34000015258789,12.529999732971191,-13.287,-6.072,false
2024-10-27,2024-11-05,9,rumor,ecmwf-aifs-00z-aws-open,NG=F,2024-10-25,2024-10-28,2024-11-05,2.559999942779541,2.309000015258789,2.6700000762939453,4.297,15.634,false
2024-10-27,2024-11-03,7,rumor,ecmwf-aifs-00z-aws-open,UNG,2024-10-25,2024-10-28,2024-11-01,14.449999809265137,13.34000015258789,12.479999542236328,-13.633,-6.447,false
2024-10-27,2024-11-03,7,rumor,ecmwf-aifs-00z-aws-open,NG=F,2024-10-25,2024-10-28,2024-11-01,2.559999942779541,2.309000015258789,2.6630001068115234,4.023,15.331,false
2024-10-27,2024-11-04,8,rumor,ecmwf-aifs-00z-aws-open,UNG,2024-10-25,2024-10-28,2024-11-04,14.449999809265137,13.34000015258789,13.0600004196167,-9.619,-2.099,false
2024-10-27,2024-11-04,8,rumor,ecmwf-aifs-00z-aws-open,NG=F,2024-10-25,2024-10-28,2024-11-04,2.559999942779541,2.309000015258789,2.7809998989105225,8.633,20.442,false
2024-10-28,2024-11-04,7,rumor,ecmwf-aifs-00z-aws-open,UNG,2024-10-25,2024-10-28,2024-11-04,14.449999809265137,13.34000015258789,13.0600004196167,-9.619,-2.099,false
2024-10-28,2024-11-04,7,rumor,ecmwf-aifs-00z-aws-open,NG=F,2024-10-25,2024-10-28,2024-11-04,2.559999942779541,2.309000015258789,2.7809998989105225,8.633,20.442,false
2024-10-28,2024-11-07,10,rumor,ecmwf-aifs-00z-aws-open,UNG,2024-10-25,2024-10-28,2024-11-07,14.449999809265137,13.34000015258789,12.65999984741211,-12.388,-5.097,false
2024-10-28,2024-11-07,10,rumor,ecmwf-aifs-00z-aws-open,NG=F,2024-10-25,2024-10-28,2024-11-07,2.559999942779541,2.309000015258789,2.693000078201294,5.195,16.631,false
2024-10-27,2024-11-06,10,rumor,ecmwf-aifs-00z-aws-open,UNG,2024-10-25,2024-10-28,2024-11-06,14.449999809265137,13.34000015258789,12.869999885559082,-10.934,-3.523,false
2024-10-27,2024-11-06,10,rumor,ecmwf-aifs-00z-aws-open,NG=F,2024-10-25,2024-10-28,2024-11-06,2.559999942779541,2.309000015258789,2.746999979019165,7.305,18.969,false
2024-10-28,2024-11-05,8,rumor,ecmwf-aifs-00z-aws-open,UNG,2024-10-25,2024-10-28,2024-11-05,14.449999809265137,13.34000015258789,12.529999732971191,-13.287,-6.072,false
2024-10-28,2024-11-05,8,rumor,ecmwf-aifs-00z-aws-open,NG=F,2024-10-25,2024-10-28,2024-11-05,2.559999942779541,2.309000015258789,2.6700000762939453,4.297,15.634,false
2024-10-29,2024-11-06,8,rumor,ecmwf-aifs-00z-aws-open,UNG,2024-10-28,2024-10-29,2024-11-06,13.34000015258789,13.40999984741211,12.869999885559082,-3.523,-4.027,false
2024-10-29,2024-11-06,8,rumor,ecmwf-aifs-00z-aws-open,NG=F,2024-10-28,2024-10-29,2024-11-06,2.309000015258789,2.3459999561309814,2.746999979019165,18.969,17.093,false
2024-10-26,2024-11-05,10,rumor,ecmwf-aifs-00z-aws-open,UNG,2024-10-25,2024-10-28,2024-11-05,14.449999809265137,13.34000015258789,12.529999732971191,-13.287,-6.072,false
2024-10-26,2024-11-05,10,rumor,ecmwf-aifs-00z-aws-open,NG=F,2024-10-25,2024-10-28,2024-11-05,2.559999942779541,2.309000015258789,2.6700000762939453,4.297,15.634,false
2024-10-29,2024-11-01,3,selloff,ecmwf-aifs-00z-aws-open,UNG,2024-10-28,2024-10-29,2024-11-01,13.34000015258789,13.40999984741211,12.479999542236328,-6.447,-6.935,false
2024-10-29,2024-11-01,3,selloff,ecmwf-aifs-00z-aws-open,NG=F,2024-10-28,2024-10-29,2024-11-01,2.309000015258789,2.3459999561309814,2.6630001068115234,15.331,13.512,false
2024-10-30,2024-11-06,7,rumor,ecmwf-aifs-00z-aws-open,UNG,2024-10-29,2024-10-30,2024-11-06,13.40999984741211,13.229999542236328,12.869999885559082,-4.027,-2.721,false
2024-10-30,2024-11-06,7,rumor,ecmwf-aifs-00z-aws-open,NG=F,2024-10-29,2024-10-30,2024-11-06,2.3459999561309814,2.8450000286102295,2.746999979019165,17.093,-3.445,false
2024-10-31,2024-11-03,3,selloff,ecmwf-aifs-00z-aws-open,UNG,2024-10-30,2024-10-31,2024-11-01,13.229999542236328,12.710000038146973,12.479999542236328,-5.669,-1.81,false
2024-10-31,2024-11-03,3,selloff,ecmwf-aifs-00z-aws-open,NG=F,2024-10-30,2024-10-31,2024-11-01,2.8450000286102295,2.7070000171661377,2.6630001068115234,-6.397,-1.625,false
2024-10-31,2024-11-02,2,selloff,ecmwf-aifs-00z-aws-open,UNG,2024-10-30,2024-10-31,2024-11-01,13.229999542236328,12.710000038146973,12.479999542236328,-5.669,-1.81,false
2024-10-31,2024-11-02,2,selloff,ecmwf-aifs-00z-aws-open,NG=F,2024-10-30,2024-10-31,2024-11-01,2.8450000286102295,2.7070000171661377,2.6630001068115234,-6.397,-1.625,false
2024-10-30,2024-11-07,8,rumor,ecmwf-aifs-00z-aws-open,UNG,2024-10-29,2024-10-30,2024-11-07,13.40999984741211,13.229999542236328,12.65999984741211,-5.593,-4.308,false
2024-10-30,2024-11-07,8,rumor,ecmwf-aifs-00z-aws-open,NG=F,2024-10-29,2024-10-30,2024-11-07,2.3459999561309814,2.8450000286102295,2.693000078201294,14.791,-5.343,false
2024-10-30,2024-11-09,10,rumor,ecmwf-aifs-00z-aws-open,UNG,2024-10-29,2024-10-30,2024-11-08,13.40999984741211,13.229999542236328,12.529999732971191,-6.562,-5.291,false
2024-10-30,2024-11-09,10,rumor,ecmwf-aifs-00z-aws-open,NG=F,2024-10-29,2024-10-30,2024-11-08,2.3459999561309814,2.8450000286102295,2.6689999103546143,13.768,-6.186,false
2024-10-30,2024-11-02,3,selloff,ecmwf-aifs-00z-aws-open,UNG,2024-10-29,2024-10-30,2024-11-01,13.40999984741211,13.229999542236328,12.479999542236328,-6.935,-5.669,false
2024-10-30,2024-11-02,3,selloff,ecmwf-aifs-00z-aws-open,NG=F,2024-10-29,2024-10-30,2024-11-01,2.3459999561309814,2.8450000286102295,2.6630001068115234,13.512,-6.397,false
2024-10-31,2024-11-07,7,rumor,ecmwf-aifs-00z-aws-open,UNG,2024-10-30,2024-10-31,2024-11-07,13.229999542236328,12.710000038146973,12.65999984741211,-4.308,-0.393,false
2024-10-31,2024-11-07,7,rumor,ecmwf-aifs-00z-aws-open,NG=F,2024-10-30,2024-10-31,2024-11-07,2.8450000286102295,2.7070000171661377,2.693000078201294,-5.343,-0.517,false
2024-10-30,2024-11-08,9,rumor,ecmwf-aifs-00z-aws-open,UNG,2024-10-29,2024-10-30,2024-11-08,13.40999984741211,13.229999542236328,12.529999732971191,-6.562,-5.291,false
2024-10-30,2024-11-08,9,rumor,ecmwf-aifs-00z-aws-open,NG=F,2024-10-29,2024-10-30,2024-11-08,2.3459999561309814,2.8450000286102295,2.6689999103546143,13.768,-6.186,false
2024-10-31,2024-11-01,1,selloff,ecmwf-aifs-00z-aws-open,UNG,2024-10-30,2024-10-31,2024-11-01,13.229999542236328,12.710000038146973,12.479999542236328,-5.669,-1.81,false
2024-10-31,2024-11-01,1,selloff,ecmwf-aifs-00z-aws-open,NG=F,2024-10-30,2024-10-31,2024-11-01,2.8450000286102295,2.7070000171661377,2.6630001068115234,-6.397,-1.625,false
2024-10-29,2024-11-07,9,rumor,ecmwf-aifs-00z-aws-open,UNG,2024-10-28,2024-10-29,2024-11-07,13.34000015258789,13.40999984741211,12.65999984741211,-5.097,-5.593,false
2024-10-29,2024-11-07,9,rumor,ecmwf-aifs-00z-aws-open,NG=F,2024-10-28,2024-10-29,2024-11-07,2.309000015258789,2.3459999561309814,2.693000078201294,16.631,14.791,false
2024-10-30,2024-11-01,2,selloff,ecmwf-aifs-00z-aws-open,UNG,2024-10-29,2024-10-30,2024-11-01,13.40999984741211,13.229999542236328,12.479999542236328,-6.935,-5.669,false
2024-10-30,2024-11-01,2,selloff,ecmwf-aifs-00z-aws-open,NG=F,2024-10-29,2024-10-30,2024-11-01,2.3459999561309814,2.8450000286102295,2.6630001068115234,13.512,-6.397,false
2024-10-29,2024-11-08,10,rumor,ecmwf-aifs-00z-aws-open,UNG,2024-10-28,2024-10-29,2024-11-08,13.34000015258789,13.40999984741211,12.529999732971191,-6.072,-6.562,false
2024-10-29,2024-11-08,10,rumor,ecmwf-aifs-00z-aws-open,NG=F,2024-10-28,2024-10-29,2024-11-08,2.309000015258789,2.3459999561309814,2.6689999103546143,15.591,13.768,false
2024-11-02,2024-11-04,2,selloff,ecmwf-aifs-00z-aws-open,UNG,2024-11-01,2024-11-04,2024-11-04,12.479999542236328,13.0600004196167,13.0600004196167,4.647,0,false
2024-11-02,2024-11-04,2,selloff,ecmwf-aifs-00z-aws-open,NG=F,2024-11-01,2024-11-04,2024-11-04,2.6630001068115234,2.7809998989105225,2.7809998989105225,4.431,0,false
2024-11-04,2024-11-13,9,rumor,ecmwf-aifs-00z-aws-open,UNG,2024-11-01,2024-11-04,2024-11-13,12.479999542236328,13.0600004196167,14.109999656677246,13.061,8.04,false
2024-11-04,2024-11-13,9,rumor,ecmwf-aifs-00z-aws-open,NG=F,2024-11-01,2024-11-04,2024-11-13,2.6630001068115234,2.7809998989105225,2.9830000400543213,12.017,7.264,false
2024-11-02,2024-11-09,7,rumor,ecmwf-aifs-00z-aws-open,UNG,2024-11-01,2024-11-04,2024-11-08,12.479999542236328,13.0600004196167,12.529999732971191,0.401,-4.058,false
2024-11-02,2024-11-09,7,rumor,ecmwf-aifs-00z-aws-open,NG=F,2024-11-01,2024-11-04,2024-11-08,2.6630001068115234,2.7809998989105225,2.6689999103546143,0.225,-4.027,false
2024-11-03,2024-11-12,9,rumor,ecmwf-aifs-00z-aws-open,UNG,2024-11-01,2024-11-04,2024-11-12,12.479999542236328,13.0600004196167,13.65999984741211,9.455,4.594,false
2024-11-03,2024-11-12,9,rumor,ecmwf-aifs-00z-aws-open,NG=F,2024-11-01,2024-11-04,2024-11-12,2.6630001068115234,2.7809998989105225,2.9070000648498535,9.163,4.531,false
2024-11-01,2024-11-04,3,selloff,ecmwf-aifs-00z-aws-open,UNG,2024-10-31,2024-11-01,2024-11-04,12.710000038146973,12.479999542236328,13.0600004196167,2.754,4.647,false
2024-11-01,2024-11-04,3,selloff,ecmwf-aifs-00z-aws-open,NG=F,2024-10-31,2024-11-01,2024-11-04,2.7070000171661377,2.6630001068115234,2.7809998989105225,2.734,4.431,false
2024-10-31,2024-11-10,10,rumor,ecmwf-aifs-00z-aws-open,UNG,2024-10-30,2024-10-31,2024-11-08,13.229999542236328,12.710000038146973,12.529999732971191,-5.291,-1.416,false
2024-10-31,2024-11-10,10,rumor,ecmwf-aifs-00z-aws-open,NG=F,2024-10-30,2024-10-31,2024-11-08,2.8450000286102295,2.7070000171661377,2.6689999103546143,-6.186,-1.404,false
2024-11-04,2024-11-05,1,selloff,ecmwf-aifs-00z-aws-open,UNG,2024-11-01,2024-11-04,2024-11-05,12.479999542236328,13.0600004196167,12.529999732971191,0.401,-4.058,false
2024-11-04,2024-11-05,1,selloff,ecmwf-aifs-00z-aws-open,NG=F,2024-11-01,2024-11-04,2024-11-05,2.6630001068115234,2.7809998989105225,2.6700000762939453,0.263,-3.991,false
2024-11-02,2024-11-05,3,selloff,ecmwf-aifs-00z-aws-open,UNG,2024-11-01,2024-11-04,2024-11-05,12.479999542236328,13.0600004196167,12.529999732971191,0.401,-4.058,false
2024-11-02,2024-11-05,3,selloff,ecmwf-aifs-00z-aws-open,NG=F,2024-11-01,2024-11-04,2024-11-05,2.6630001068115234,2.7809998989105225,2.6700000762939453,0.263,-3.991,false
2024-11-01,2024-11-09,8,rumor,ecmwf-aifs-00z-aws-open,UNG,2024-10-31,2024-11-01,2024-11-08,12.710000038146973,12.479999542236328,12.529999732971191,-1.416,0.401,false
2024-11-01,2024-11-09,8,rumor,ecmwf-aifs-00z-aws-open,NG=F,2024-10-31,2024-11-01,2024-11-08,2.7070000171661377,2.6630001068115234,2.6689999103546143,-1.404,0.225,false
2024-11-07,2024-11-09,2,selloff,ecmwf-aifs-00z-aws-open,UNG,2024-11-06,2024-11-07,2024-11-08,12.869999885559082,12.65999984741211,12.529999732971191,-2.642,-1.027,false
2024-11-07,2024-11-09,2,selloff,ecmwf-aifs-00z-aws-open,NG=F,2024-11-06,2024-11-07,2024-11-08,2.746999979019165,2.693000078201294,2.6689999103546143,-2.839,-0.891,false
2024-11-05,2024-11-13,8,rumor,ecmwf-aifs-00z-aws-open,UNG,2024-11-04,2024-11-05,2024-11-13,13.0600004196167,12.529999732971191,14.109999656677246,8.04,12.61,false
2024-11-05,2024-11-13,8,rumor,ecmwf-aifs-00z-aws-open,NG=F,2024-11-04,2024-11-05,2024-11-13,2.7809998989105225,2.6700000762939453,2.9830000400543213,7.264,11.723,false
2024-11-03,2024-11-05,2,selloff,ecmwf-aifs-00z-aws-open,UNG,2024-11-01,2024-11-04,2024-11-05,12.479999542236328,13.0600004196167,12.529999732971191,0.401,-4.058,false
2024-11-03,2024-11-05,2,selloff,ecmwf-aifs-00z-aws-open,NG=F,2024-11-01,2024-11-04,2024-11-05,2.6630001068115234,2.7809998989105225,2.6700000762939453,0.263,-3.991,false
2024-11-02,2024-11-12,10,rumor,ecmwf-aifs-00z-aws-open,UNG,2024-11-01,2024-11-04,2024-11-12,12.479999542236328,13.0600004196167,13.65999984741211,9.455,4.594,false
2024-11-02,2024-11-12,10,rumor,ecmwf-aifs-00z-aws-open,NG=F,2024-11-01,2024-11-04,2024-11-12,2.6630001068115234,2.7809998989105225,2.9070000648498535,9.163,4.531,false
2024-11-02,2024-11-11,9,rumor,ecmwf-aifs-00z-aws-open,UNG,2024-11-01,2024-11-04,2024-11-11,12.479999542236328,13.0600004196167,13.800000190734863,10.577,5.666,false
2024-11-02,2024-11-11,9,rumor,ecmwf-aifs-00z-aws-open,NG=F,2024-11-01,2024-11-04,2024-11-11,2.6630001068115234,2.7809998989105225,2.9200000762939453,9.651,4.998,false
2024-11-07,2024-11-08,1,selloff,ecmwf-aifs-00z-aws-open,UNG,2024-11-06,2024-11-07,2024-11-08,12.869999885559082,12.65999984741211,12.529999732971191,-2.642,-1.027,false
2024-11-07,2024-11-08,1,selloff,ecmwf-aifs-00z-aws-open,NG=F,2024-11-06,2024-11-07,2024-11-08,2.746999979019165,2.693000078201294,2.6689999103546143,-2.839,-0.891,false
2024-10-31,2024-11-09,9,rumor,ecmwf-aifs-00z-aws-open,UNG,2024-10-30,2024-10-31,2024-11-08,13.229999542236328,12.710000038146973,12.529999732971191,-5.291,-1.416,false
2024-10-31,2024-11-09,9,rumor,ecmwf-aifs-00z-aws-open,NG=F,2024-10-30,2024-10-31,2024-11-08,2.8450000286102295,2.7070000171661377,2.6689999103546143,-6.186,-1.404,false
2024-11-04,2024-11-06,2,selloff,ecmwf-aifs-00z-aws-open,UNG,2024-11-01,2024-11-04,2024-11-06,12.479999542236328,13.0600004196167,12.869999885559082,3.125,-1.455,false
2024-11-04,2024-11-06,2,selloff,ecmwf-aifs-00z-aws-open,NG=F,2024-11-01,2024-11-04,2024-11-06,2.6630001068115234,2.7809998989105225,2.746999979019165,3.154,-1.223,false
2024-11-01,2024-11-10,9,rumor,ecmwf-aifs-00z-aws-open,UNG,2024-10-31,2024-11-01,2024-11-08,12.710000038146973,12.479999542236328,12.529999732971191,-1.416,0.401,false
2024-11-01,2024-11-10,9,rumor,ecmwf-aifs-00z-aws-open,NG=F,2024-10-31,2024-11-01,2024-11-08,2.7070000171661377,2.6630001068115234,2.6689999103546143,-1.404,0.225,false
2024-11-02,2024-11-03,1,selloff,ecmwf-aifs-00z-aws-open,UNG,2024-11-01,2024-11-04,2024-11-01,12.479999542236328,13.0600004196167,12.479999542236328,0,-4.441,false
2024-11-02,2024-11-03,1,selloff,ecmwf-aifs-00z-aws-open,NG=F,2024-11-01,2024-11-04,2024-11-01,2.6630001068115234,2.7809998989105225,2.6630001068115234,0,-4.243,false
2024-11-01,2024-11-08,7,rumor,ecmwf-aifs-00z-aws-open,UNG,2024-10-31,2024-11-01,2024-11-08,12.710000038146973,12.479999542236328,12.529999732971191,-1.416,0.401,false
2024-11-01,2024-11-08,7,rumor,ecmwf-aifs-00z-aws-open,NG=F,2024-10-31,2024-11-01,2024-11-08,2.7070000171661377,2.6630001068115234,2.6689999103546143,-1.404,0.225,false
2024-11-01,2024-11-03,2,selloff,ecmwf-aifs-00z-aws-open,UNG,2024-10-31,2024-11-01,2024-11-01,12.710000038146973,12.479999542236328,12.479999542236328,-1.81,0,false
2024-11-01,2024-11-03,2,selloff,ecmwf-aifs-00z-aws-open,NG=F,2024-10-31,2024-11-01,2024-11-01,2.7070000171661377,2.6630001068115234,2.6630001068115234,-1.625,0,false
2024-11-04,2024-11-07,3,selloff,ecmwf-aifs-00z-aws-open,UNG,2024-11-01,2024-11-04,2024-11-07,12.479999542236328,13.0600004196167,12.65999984741211,1.442,-3.063,false
2024-11-04,2024-11-07,3,selloff,ecmwf-aifs-00z-aws-open,NG=F,2024-11-01,2024-11-04,2024-11-07,2.6630001068115234,2.7809998989105225,2.693000078201294,1.127,-3.164,false
2024-10-31,2024-11-08,8,rumor,ecmwf-aifs-00z-aws-open,UNG,2024-10-30,2024-10-31,2024-11-08,13.229999542236328,12.710000038146973,12.529999732971191,-5.291,-1.416,false
2024-10-31,2024-11-08,8,rumor,ecmwf-aifs-00z-aws-open,NG=F,2024-10-30,2024-10-31,2024-11-08,2.8450000286102295,2.7070000171661377,2.6689999103546143,-6.186,-1.404,false
2024-11-01,2024-11-11,10,rumor,ecmwf-aifs-00z-aws-open,UNG,2024-10-31,2024-11-01,2024-11-11,12.710000038146973,12.479999542236328,13.800000190734863,8.576,10.577,false
2024-11-01,2024-11-11,10,rumor,ecmwf-aifs-00z-aws-open,NG=F,2024-10-31,2024-11-01,2024-11-11,2.7070000171661377,2.6630001068115234,2.9200000762939453,7.868,9.651,false
2024-11-06,2024-11-09,3,selloff,ecmwf-aifs-00z-aws-open,UNG,2024-11-05,2024-11-06,2024-11-08,12.529999732971191,12.869999885559082,12.529999732971191,0,-2.642,false
2024-11-06,2024-11-09,3,selloff,ecmwf-aifs-00z-aws-open,NG=F,2024-11-05,2024-11-06,2024-11-08,2.6700000762939453,2.746999979019165,2.6689999103546143,-0.037,-2.839,false
2024-11-01,2024-11-02,1,selloff,ecmwf-aifs-00z-aws-open,UNG,2024-10-31,2024-11-01,2024-11-01,12.710000038146973,12.479999542236328,12.479999542236328,-1.81,0,false
2024-11-01,2024-11-02,1,selloff,ecmwf-aifs-00z-aws-open,NG=F,2024-10-31,2024-11-01,2024-11-01,2.7070000171661377,2.6630001068115234,2.6630001068115234,-1.625,0,false
2024-11-04,2024-11-11,7,rumor,ecmwf-aifs-00z-aws-open,UNG,2024-11-01,2024-11-04,2024-11-11,12.479999542236328,13.0600004196167,13.800000190734863,10.577,5.666,false
2024-11-04,2024-11-11,7,rumor,ecmwf-aifs-00z-aws-open,NG=F,2024-11-01,2024-11-04,2024-11-11,2.6630001068115234,2.7809998989105225,2.9200000762939453,9.651,4.998,false
2024-11-06,2024-11-08,2,selloff,ecmwf-aifs-00z-aws-open,UNG,2024-11-05,2024-11-06,2024-11-08,12.529999732971191,12.869999885559082,12.529999732971191,0,-2.642,false
2024-11-06,2024-11-08,2,selloff,ecmwf-aifs-00z-aws-open,NG=F,2024-11-05,2024-11-06,2024-11-08,2.6700000762939453,2.746999979019165,2.6689999103546143,-0.037,-2.839,false
2024-11-03,2024-11-11,8,rumor,ecmwf-aifs-00z-aws-open,UNG,2024-11-01,2024-11-04,2024-11-11,12.479999542236328,13.0600004196167,13.800000190734863,10.577,5.666,false
2024-11-03,2024-11-11,8,rumor,ecmwf-aifs-00z-aws-open,NG=F,2024-11-01,2024-11-04,2024-11-11,2.6630001068115234,2.7809998989105225,2.9200000762939453,9.651,4.998,false
2024-11-05,2024-11-07,2,selloff,ecmwf-aifs-00z-aws-open,UNG,2024-11-04,2024-11-05,2024-11-07,13.0600004196167,12.529999732971191,12.65999984741211,-3.063,1.038,false
2024-11-05,2024-11-07,2,selloff,ecmwf-aifs-00z-aws-open,NG=F,2024-11-04,2024-11-05,2024-11-07,2.7809998989105225,2.6700000762939453,2.693000078201294,-3.164,0.861,false
2024-11-05,2024-11-08,3,selloff,ecmwf-aifs-00z-aws-open,UNG,2024-11-04,2024-11-05,2024-11-08,13.0600004196167,12.529999732971191,12.529999732971191,-4.058,0,false
2024-11-05,2024-11-08,3,selloff,ecmwf-aifs-00z-aws-open,NG=F,2024-11-04,2024-11-05,2024-11-08,2.7809998989105225,2.6700000762939453,2.6689999103546143,-4.027,-0.037,false
2024-11-03,2024-11-06,3,selloff,ecmwf-aifs-00z-aws-open,UNG,2024-11-01,2024-11-04,2024-11-06,12.479999542236328,13.0600004196167,12.869999885559082,3.125,-1.455,false
2024-11-03,2024-11-06,3,selloff,ecmwf-aifs-00z-aws-open,NG=F,2024-11-01,2024-11-04,2024-11-06,2.6630001068115234,2.7809998989105225,2.746999979019165,3.154,-1.223,false
2024-11-06,2024-11-16,10,rumor,ecmwf-aifs-00z-aws-open,UNG,2024-11-05,2024-11-06,2024-11-15,12.529999732971191,12.869999885559082,13.369999885559082,6.704,3.885,false
2024-11-06,2024-11-16,10,rumor,ecmwf-aifs-00z-aws-open,NG=F,2024-11-05,2024-11-06,2024-11-15,2.6700000762939453,2.746999979019165,2.822999954223633,5.73,2.767,false
2024-11-06,2024-11-13,7,rumor,ecmwf-aifs-00z-aws-open,UNG,2024-11-05,2024-11-06,2024-11-13,12.529999732971191,12.869999885559082,14.109999656677246,12.61,9.635,false
2024-11-06,2024-11-13,7,rumor,ecmwf-aifs-00z-aws-open,NG=F,2024-11-05,2024-11-06,2024-11-13,2.6700000762939453,2.746999979019165,2.9830000400543213,11.723,8.591,false
2024-11-05,2024-11-14,9,rumor,ecmwf-aifs-00z-aws-open,UNG,2024-11-04,2024-11-05,2024-11-14,13.0600004196167,12.529999732971191,13.149999618530273,0.689,4.948,false
2024-11-05,2024-11-14,9,rumor,ecmwf-aifs-00z-aws-open,NG=F,2024-11-04,2024-11-05,2024-11-14,2.7809998989105225,2.6700000762939453,2.7850000858306885,0.144,4.307,false
2024-11-04,2024-11-14,10,rumor,ecmwf-aifs-00z-aws-open,UNG,2024-11-01,2024-11-04,2024-11-14,12.479999542236328,13.0600004196167,13.149999618530273,5.369,0.689,false
2024-11-04,2024-11-14,10,rumor,ecmwf-aifs-00z-aws-open,NG=F,2024-11-01,2024-11-04,2024-11-14,2.6630001068115234,2.7809998989105225,2.7850000858306885,4.581,0.144,false
2024-11-05,2024-11-06,1,selloff,ecmwf-aifs-00z-aws-open,UNG,2024-11-04,2024-11-05,2024-11-06,13.0600004196167,12.529999732971191,12.869999885559082,-1.455,2.713,false
2024-11-05,2024-11-06,1,selloff,ecmwf-aifs-00z-aws-open,NG=F,2024-11-04,2024-11-05,2024-11-06,2.7809998989105225,2.6700000762939453,2.746999979019165,-1.223,2.884,false
2024-11-06,2024-11-15,9,rumor,ecmwf-aifs-00z-aws-open,UNG,2024-11-05,2024-11-06,2024-11-15,12.529999732971191,12.869999885559082,13.369999885559082,6.704,3.885,false
2024-11-06,2024-11-15,9,rumor,ecmwf-aifs-00z-aws-open,NG=F,2024-11-05,2024-11-06,2024-11-15,2.6700000762939453,2.746999979019165,2.822999954223633,5.73,2.767,false
2024-11-02,2024-11-10,8,rumor,ecmwf-aifs-00z-aws-open,UNG,2024-11-01,2024-11-04,2024-11-08,12.479999542236328,13.0600004196167,12.529999732971191,0.401,-4.058,false
2024-11-02,2024-11-10,8,rumor,ecmwf-aifs-00z-aws-open,NG=F,2024-11-01,2024-11-04,2024-11-08,2.6630001068115234,2.7809998989105225,2.6689999103546143,0.225,-4.027,false
2024-11-06,2024-11-07,1,selloff,ecmwf-aifs-00z-aws-open,UNG,2024-11-05,2024-11-06,2024-11-07,12.529999732971191,12.869999885559082,12.65999984741211,1.038,-1.632,false
2024-11-06,2024-11-07,1,selloff,ecmwf-aifs-00z-aws-open,NG=F,2024-11-05,2024-11-06,2024-11-07,2.6700000762939453,2.746999979019165,2.693000078201294,0.861,-1.966,false
2024-11-04,2024-11-12,8,rumor,ecmwf-aifs-00z-aws-open,UNG,2024-11-01,2024-11-04,2024-11-12,12.479999542236328,13.0600004196167,13.65999984741211,9.455,4.594,false
2024-11-04,2024-11-12,8,rumor,ecmwf-aifs-00z-aws-open,NG=F,2024-11-01,2024-11-04,2024-11-12,2.6630001068115234,2.7809998989105225,2.9070000648498535,9.163,4.531,false
2024-11-03,2024-11-10,7,rumor,ecmwf-aifs-00z-aws-open,UNG,2024-11-01,2024-11-04,2024-11-08,12.479999542236328,13.0600004196167,12.529999732971191,0.401,-4.058,false
2024-11-03,2024-11-10,7,rumor,ecmwf-aifs-00z-aws-open,NG=F,2024-11-01,2024-11-04,2024-11-08,2.6630001068115234,2.7809998989105225,2.6689999103546143,0.225,-4.027,false
2024-11-03,2024-11-04,1,selloff,ecmwf-aifs-00z-aws-open,UNG,2024-11-01,2024-11-04,2024-11-04,12.479999542236328,13.0600004196167,13.0600004196167,4.647,0,false
2024-11-03,2024-11-04,1,selloff,ecmwf-aifs-00z-aws-open,NG=F,2024-11-01,2024-11-04,2024-11-04,2.6630001068115234,2.7809998989105225,2.7809998989105225,4.431,0,false
2024-11-06,2024-11-14,8,rumor,ecmwf-aifs-00z-aws-open,UNG,2024-11-05,2024-11-06,2024-11-14,12.529999732971191,12.869999885559082,13.149999618530273,4.948,2.176,false
2024-11-06,2024-11-14,8,rumor,ecmwf-aifs-00z-aws-open,NG=F,2024-11-05,2024-11-06,2024-11-14,2.6700000762939453,2.746999979019165,2.7850000858306885,4.307,1.383,false
2024-11-05,2024-11-15,10,rumor,ecmwf-aifs-00z-aws-open,UNG,2024-11-04,2024-11-05,2024-11-15,13.0600004196167,12.529999732971191,13.369999885559082,2.374,6.704,false
2024-11-05,2024-11-15,10,rumor,ecmwf-aifs-00z-aws-open,NG=F,2024-11-04,2024-11-05,2024-11-15,2.7809998989105225,2.6700000762939453,2.822999954223633,1.51,5.73,false
2024-11-03,2024-11-13,10,rumor,ecmwf-aifs-00z-aws-open,UNG,2024-11-01,2024-11-04,2024-11-13,12.479999542236328,13.0600004196167,14.109999656677246,13.061,8.04,false
2024-11-03,2024-11-13,10,rumor,ecmwf-aifs-00z-aws-open,NG=F,2024-11-01,2024-11-04,2024-11-13,2.6630001068115234,2.7809998989105225,2.9830000400543213,12.017,7.264,false
2024-11-07,2024-11-10,3,selloff,ecmwf-aifs-00z-aws-open,UNG,2024-11-06,2024-11-07,2024-11-08,12.869999885559082,12.65999984741211,12.529999732971191,-2.642,-1.027,false
2024-11-07,2024-11-10,3,selloff,ecmwf-aifs-00z-aws-open,NG=F,2024-11-06,2024-11-07,2024-11-08,2.746999979019165,2.693000078201294,2.6689999103546143,-2.839,-0.891,false
2024-11-05,2024-11-12,7,rumor,ecmwf-aifs-00z-aws-open,UNG,2024-11-04,2024-11-05,2024-11-12,13.0600004196167,12.529999732971191,13.65999984741211,4.594,9.018,false
2024-11-05,2024-11-12,7,rumor,ecmwf-aifs-00z-aws-open,NG=F,2024-11-04,2024-11-05,2024-11-12,2.7809998989105225,2.6700000762939453,2.9070000648498535,4.531,8.876,false
2024-11-07,2024-11-14,7,rumor,ecmwf-aifs-00z-aws-open,UNG,2024-11-06,2024-11-07,2024-11-14,12.869999885559082,12.65999984741211,13.149999618530273,2.176,3.87,false
2024-11-07,2024-11-14,7,rumor,ecmwf-aifs-00z-aws-open,NG=F,2024-11-06,2024-11-07,2024-11-14,2.746999979019165,2.693000078201294,2.7850000858306885,1.383,3.416,false
2024-11-07,2024-11-15,8,rumor,ecmwf-aifs-00z-aws-open,UNG,2024-11-06,2024-11-07,2024-11-15,12.869999885559082,12.65999984741211,13.369999885559082,3.885,5.608,false
2024-11-07,2024-11-15,8,rumor,ecmwf-aifs-00z-aws-open,NG=F,2024-11-06,2024-11-07,2024-11-15,2.746999979019165,2.693000078201294,2.822999954223633,2.767,4.827,false
2024-11-07,2024-11-17,10,rumor,ecmwf-aifs-00z-aws-open,UNG,2024-11-06,2024-11-07,2024-11-15,12.869999885559082,12.65999984741211,13.369999885559082,3.885,5.608,false
2024-11-07,2024-11-17,10,rumor,ecmwf-aifs-00z-aws-open,NG=F,2024-11-06,2024-11-07,2024-11-15,2.746999979019165,2.693000078201294,2.822999954223633,2.767,4.827,false
2024-11-07,2024-11-16,9,rumor,ecmwf-aifs-00z-aws-open,UNG,2024-11-06,2024-11-07,2024-11-15,12.869999885559082,12.65999984741211,13.369999885559082,3.885,5.608,false
2024-11-07,2024-11-16,9,rumor,ecmwf-aifs-00z-aws-open,NG=F,2024-11-06,2024-11-07,2024-11-15,2.746999979019165,2.693000078201294,2.822999954223633,2.767,4.827,false
2024-11-08,2024-11-10,2,selloff,ecmwf-aifs-00z-aws-open,UNG,2024-11-07,2024-11-08,2024-11-08,12.65999984741211,12.529999732971191,12.529999732971191,-1.027,0,false
2024-11-08,2024-11-10,2,selloff,ecmwf-aifs-00z-aws-open,NG=F,2024-11-07,2024-11-08,2024-11-08,2.693000078201294,2.6689999103546143,2.6689999103546143,-0.891,0,false
2024-11-08,2024-11-09,1,selloff,ecmwf-aifs-00z-aws-open,UNG,2024-11-07,2024-11-08,2024-11-08,12.65999984741211,12.529999732971191,12.529999732971191,-1.027,0,false
2024-11-08,2024-11-09,1,selloff,ecmwf-aifs-00z-aws-open,NG=F,2024-11-07,2024-11-08,2024-11-08,2.693000078201294,2.6689999103546143,2.6689999103546143,-0.891,0,false
2024-11-08,2024-11-11,3,selloff,ecmwf-aifs-00z-aws-open,UNG,2024-11-07,2024-11-08,2024-11-11,12.65999984741211,12.529999732971191,13.800000190734863,9.005,10.136,false
2024-11-08,2024-11-11,3,selloff,ecmwf-aifs-00z-aws-open,NG=F,2024-11-07,2024-11-08,2024-11-11,2.693000078201294,2.6689999103546143,2.9200000762939453,8.429,9.404,false
2024-11-08,2024-11-15,7,rumor,ecmwf-aifs-00z-aws-open,UNG,2024-11-07,2024-11-08,2024-11-15,12.65999984741211,12.529999732971191,13.369999885559082,5.608,6.704,false
2024-11-08,2024-11-15,7,rumor,ecmwf-aifs-00z-aws-open,NG=F,2024-11-07,2024-11-08,2024-11-15,2.693000078201294,2.6689999103546143,2.822999954223633,4.827,5.77,false
2024-11-08,2024-11-16,8,rumor,ecmwf-aifs-00z-aws-open,UNG,2024-11-07,2024-11-08,2024-11-15,12.65999984741211,12.529999732971191,13.369999885559082,5.608,6.704,false
2024-11-08,2024-11-16,8,rumor,ecmwf-aifs-00z-aws-open,NG=F,2024-11-07,2024-11-08,2024-11-15,2.693000078201294,2.6689999103546143,2.822999954223633,4.827,5.77,false
2024-11-08,2024-11-17,9,rumor,ecmwf-aifs-00z-aws-open,UNG,2024-11-07,2024-11-08,2024-11-15,12.65999984741211,12.529999732971191,13.369999885559082,5.608,6.704,false
2024-11-08,2024-11-17,9,rumor,ecmwf-aifs-00z-aws-open,NG=F,2024-11-07,2024-11-08,2024-11-15,2.693000078201294,2.6689999103546143,2.822999954223633,4.827,5.77,false
2024-11-08,2024-11-18,10,rumor,ecmwf-aifs-00z-aws-open,UNG,2024-11-07,2024-11-08,2024-11-18,12.65999984741211,12.529999732971191,13.75,8.61,9.737,false
2024-11-08,2024-11-18,10,rumor,ecmwf-aifs-00z-aws-open,NG=F,2024-11-07,2024-11-08,2024-11-18,2.693000078201294,2.6689999103546143,2.9730000495910645,10.397,11.39,false
2024-11-09,2024-11-10,1,selloff,ecmwf-aifs-00z-aws-open,UNG,2024-11-08,2024-11-11,2024-11-08,12.529999732971191,13.800000190734863,12.529999732971191,0,-9.203,false
2024-11-09,2024-11-10,1,selloff,ecmwf-aifs-00z-aws-open,NG=F,2024-11-08,2024-11-11,2024-11-08,2.6689999103546143,2.9200000762939453,2.6689999103546143,0,-8.596,false
2024-11-09,2024-11-11,2,selloff,ecmwf-aifs-00z-aws-open,UNG,2024-11-08,2024-11-11,2024-11-11,12.529999732971191,13.800000190734863,13.800000190734863,10.136,0,false
2024-11-09,2024-11-11,2,selloff,ecmwf-aifs-00z-aws-open,NG=F,2024-11-08,2024-11-11,2024-11-11,2.6689999103546143,2.9200000762939453,2.9200000762939453,9.404,0,false
2024-11-09,2024-11-12,3,selloff,ecmwf-aifs-00z-aws-open,UNG,2024-11-08,2024-11-11,2024-11-12,12.529999732971191,13.800000190734863,13.65999984741211,9.018,-1.014,false
2024-11-09,2024-11-12,3,selloff,ecmwf-aifs-00z-aws-open,NG=F,2024-11-08,2024-11-11,2024-11-12,2.6689999103546143,2.9200000762939453,2.9070000648498535,8.917,-0.445,false
2024-11-09,2024-11-16,7,rumor,ecmwf-aifs-00z-aws-open,UNG,2024-11-08,2024-11-11,2024-11-15,12.529999732971191,13.800000190734863,13.369999885559082,6.704,-3.116,false
2024-11-09,2024-11-16,7,rumor,ecmwf-aifs-00z-aws-open,NG=F,2024-11-08,2024-11-11,2024-11-15,2.6689999103546143,2.9200000762939453,2.822999954223633,5.77,-3.322,false
2024-11-09,2024-11-17,8,rumor,ecmwf-aifs-00z-aws-open,UNG,2024-11-08,2024-11-11,2024-11-15,12.529999732971191,13.800000190734863,13.369999885559082,6.704,-3.116,false
2024-11-09,2024-11-17,8,rumor,ecmwf-aifs-00z-aws-open,NG=F,2024-11-08,2024-11-11,2024-11-15,2.6689999103546143,2.9200000762939453,2.822999954223633,5.77,-3.322,false
2024-11-09,2024-11-18,9,rumor,ecmwf-aifs-00z-aws-open,UNG,2024-11-08,2024-11-11,2024-11-18,12.529999732971191,13.800000190734863,13.75,9.737,-0.362,false
2024-11-09,2024-11-18,9,rumor,ecmwf-aifs-00z-aws-open,NG=F,2024-11-08,2024-11-11,2024-11-18,2.6689999103546143,2.9200000762939453,2.9730000495910645,11.39,1.815,false
2024-11-09,2024-11-19,10,rumor,ecmwf-aifs-00z-aws-open,UNG,2024-11-08,2024-11-11,2024-11-19,12.529999732971191,13.800000190734863,13.869999885559082,10.694,0.507,false
2024-11-09,2024-11-19,10,rumor,ecmwf-aifs-00z-aws-open,NG=F,2024-11-08,2024-11-11,2024-11-19,2.6689999103546143,2.9200000762939453,2.997999906539917,12.327,2.671,false
2024-11-10,2024-11-11,1,selloff,ecmwf-aifs-00z-aws-open,UNG,2024-11-08,2024-11-11,2024-11-11,12.529999732971191,13.800000190734863,13.800000190734863,10.136,0,false
2024-11-10,2024-11-11,1,selloff,ecmwf-aifs-00z-aws-open,NG=F,2024-11-08,2024-11-11,2024-11-11,2.6689999103546143,2.9200000762939453,2.9200000762939453,9.404,0,false
2024-11-10,2024-11-12,2,selloff,ecmwf-aifs-00z-aws-open,UNG,2024-11-08,2024-11-11,2024-11-12,12.529999732971191,13.800000190734863,13.65999984741211,9.018,-1.014,false
2024-11-10,2024-11-12,2,selloff,ecmwf-aifs-00z-aws-open,NG=F,2024-11-08,2024-11-11,2024-11-12,2.6689999103546143,2.9200000762939453,2.9070000648498535,8.917,-0.445,false
2024-11-10,2024-11-13,3,selloff,ecmwf-aifs-00z-aws-open,UNG,2024-11-08,2024-11-11,2024-11-13,12.529999732971191,13.800000190734863,14.109999656677246,12.61,2.246,false
2024-11-10,2024-11-13,3,selloff,ecmwf-aifs-00z-aws-open,NG=F,2024-11-08,2024-11-11,2024-11-13,2.6689999103546143,2.9200000762939453,2.9830000400543213,11.765,2.158,false
2024-11-10,2024-11-17,7,rumor,ecmwf-aifs-00z-aws-open,UNG,2024-11-08,2024-11-11,2024-11-15,12.529999732971191,13.800000190734863,13.369999885559082,6.704,-3.116,false
2024-11-10,2024-11-17,7,rumor,ecmwf-aifs-00z-aws-open,NG=F,2024-11-08,2024-11-11,2024-11-15,2.6689999103546143,2.9200000762939453,2.822999954223633,5.77,-3.322,false
2024-11-10,2024-11-18,8,rumor,ecmwf-aifs-00z-aws-open,UNG,2024-11-08,2024-11-11,2024-11-18,12.529999732971191,13.800000190734863,13.75,9.737,-0.362,false
2024-11-10,2024-11-18,8,rumor,ecmwf-aifs-00z-aws-open,NG=F,2024-11-08,2024-11-11,2024-11-18,2.6689999103546143,2.9200000762939453,2.9730000495910645,11.39,1.815,false
2024-11-10,2024-11-19,9,rumor,ecmwf-aifs-00z-aws-open,UNG,2024-11-08,2024-11-11,2024-11-19,12.529999732971191,13.800000190734863,13.869999885559082,10.694,0.507,false
2024-11-10,2024-11-19,9,rumor,ecmwf-aifs-00z-aws-open,NG=F,2024-11-08,2024-11-11,2024-11-19,2.6689999103546143,2.9200000762939453,2.997999906539917,12.327,2.671,false
2024-11-10,2024-11-20,10,rumor,ecmwf-aifs-00z-aws-open,UNG,2024-11-08,2024-11-11,2024-11-20,12.529999732971191,13.800000190734863,14.75,17.717,6.884,false
2024-11-10,2024-11-20,10,rumor,ecmwf-aifs-00z-aws-open,NG=F,2024-11-08,2024-11-11,2024-11-20,2.6689999103546143,2.9200000762939453,3.193000078201294,19.633,9.349,false
