date,series,storageBcf,unit,areaName,source
2010-01-01,NW2_EPG0_SWO_R48_BCF,3117,BCF,NA,EIA Open Data API
2010-01-08,NW2_EPG0_SWO_R48_BCF,2850,BCF,NA,EIA Open Data API
2010-01-15,NW2_EPG0_SWO_R48_BCF,2607,BCF,NA,EIA Open Data API
2010-01-22,NW2_EPG0_SWO_R48_BCF,2521,BCF,NA,EIA Open Data API
2010-01-29,NW2_EPG0_SWO_R48_BCF,2406,BCF,NA,EIA Open Data API
2010-02-05,NW2_EPG0_SWO_R48_BCF,2214,BCF,NA,EIA Open Data API
2010-02-12,NW2_EPG0_SWO_R48_BCF,2026,BCF,NA,EIA Open Data API
2010-02-19,NW2_EPG0_SWO_R48_BCF,1853,BCF,NA,EIA Open Data API
2010-02-26,NW2_EPG0_SWO_R48_BCF,1738,BCF,NA,EIA Open Data API
2010-03-05,NW2_EPG0_SWO_R48_BCF,1627,BCF,NA,EIA Open Data API
2010-03-12,NW2_EPG0_SWO_R48_BCF,1614,BCF,NA,EIA Open Data API
2010-03-19,NW2_EPG0_SWO_R48_BCF,1626,BCF,NA,EIA Open Data API
2010-03-26,NW2_EPG0_SWO_R48_BCF,1638,BCF,NA,EIA Open Data API
2010-04-02,NW2_EPG0_SWO_R48_BCF,1670,BCF,NA,EIA Open Data API
2010-04-09,NW2_EPG0_SWO_R48_BCF,1754,BCF,NA,EIA Open Data API
2010-04-16,NW2_EPG0_SWO_R48_BCF,1828,BCF,NA,EIA Open Data API
2010-04-23,NW2_EPG0_SWO_R48_BCF,1912,BCF,NA,EIA Open Data API
2010-04-30,NW2_EPG0_SWO_R48_BCF,1994,BCF,NA,EIA Open Data API
2010-05-07,NW2_EPG0_SWO_R48_BCF,2091,BCF,NA,EIA Open Data API
2010-05-14,NW2_EPG0_SWO_R48_BCF,2165,BCF,NA,EIA Open Data API
2010-05-21,NW2_EPG0_SWO_R48_BCF,2268,BCF,NA,EIA Open Data API
2010-05-28,NW2_EPG0_SWO_R48_BCF,2357,BCF,NA,EIA Open Data API
2010-06-04,NW2_EPG0_SWO_R48_BCF,2456,BCF,NA,EIA Open Data API
2010-06-11,NW2_EPG0_SWO_R48_BCF,2542,BCF,NA,EIA Open Data API
2010-06-18,NW2_EPG0_SWO_R48_BCF,2625,BCF,NA,EIA Open Data API
2010-06-25,NW2_EPG0_SWO_R48_BCF,2684,BCF,NA,EIA Open Data API
2010-07-02,NW2_EPG0_SWO_R48_BCF,2761,BCF,NA,EIA Open Data API
2010-07-09,NW2_EPG0_SWO_R48_BCF,2841,BCF,NA,EIA Open Data API
2010-07-16,NW2_EPG0_SWO_R48_BCF,2893,BCF,NA,EIA Open Data API
2010-07-23,NW2_EPG0_SWO_R48_BCF,2919,BCF,NA,EIA Open Data API
2010-07-30,NW2_EPG0_SWO_R48_BCF,2947,BCF,NA,EIA Open Data API
2010-08-06,NW2_EPG0_SWO_R48_BCF,2984,BCF,NA,EIA Open Data API
2010-08-13,NW2_EPG0_SWO_R48_BCF,3013,BCF,NA,EIA Open Data API
2010-08-20,NW2_EPG0_SWO_R48_BCF,3054,BCF,NA,EIA Open Data API
2010-08-27,NW2_EPG0_SWO_R48_BCF,3105,BCF,NA,EIA Open Data API
2010-09-03,NW2_EPG0_SWO_R48_BCF,3163,BCF,NA,EIA Open Data API
2010-09-10,NW2_EPG0_SWO_R48_BCF,3267,BCF,NA,EIA Open Data API
2010-09-17,NW2_EPG0_SWO_R48_BCF,3341,BCF,NA,EIA Open Data API
2010-09-24,NW2_EPG0_SWO_R48_BCF,3415,BCF,NA,EIA Open Data API
2010-10-01,NW2_EPG0_SWO_R48_BCF,3499,BCF,NA,EIA Open Data API
2010-10-08,NW2_EPG0_SWO_R48_BCF,3590,BCF,NA,EIA Open Data API
2010-10-15,NW2_EPG0_SWO_R48_BCF,3683,BCF,NA,EIA Open Data API
2010-10-22,NW2_EPG0_SWO_R48_BCF,3754,BCF,NA,EIA Open Data API
2010-10-29,NW2_EPG0_SWO_R48_BCF,3821,BCF,NA,EIA Open Data API
2010-11-05,NW2_EPG0_SWO_R48_BCF,3840,BCF,NA,EIA Open Data API
2010-11-12,NW2_EPG0_SWO_R48_BCF,3834,BCF,NA,EIA Open Data API
2010-11-19,NW2_EPG0_SWO_R48_BCF,3828,BCF,NA,EIA Open Data API
2010-11-26,NW2_EPG0_SWO_R48_BCF,3805,BCF,NA,EIA Open Data API
2010-12-03,NW2_EPG0_SWO_R48_BCF,3717,BCF,NA,EIA Open Data API
2010-12-10,NW2_EPG0_SWO_R48_BCF,3553,BCF,NA,EIA Open Data API
2010-12-17,NW2_EPG0_SWO_R48_BCF,3369,BCF,NA,EIA Open Data API
2010-12-24,NW2_EPG0_SWO_R48_BCF,3232,BCF,NA,EIA Open Data API
2010-12-31,NW2_EPG0_SWO_R48_BCF,3097,BCF,NA,EIA Open Data API
2011-01-07,NW2_EPG0_SWO_R48_BCF,2960,BCF,NA,EIA Open Data API
2011-01-14,NW2_EPG0_SWO_R48_BCF,2716,BCF,NA,EIA Open Data API
2011-01-21,NW2_EPG0_SWO_R48_BCF,2543,BCF,NA,EIA Open Data API
2011-01-28,NW2_EPG0_SWO_R48_BCF,2355,BCF,NA,EIA Open Data API
2011-02-04,NW2_EPG0_SWO_R48_BCF,2144,BCF,NA,EIA Open Data API
2011-02-11,NW2_EPG0_SWO_R48_BCF,1910,BCF,NA,EIA Open Data API
2011-02-18,NW2_EPG0_SWO_R48_BCF,1831,BCF,NA,EIA Open Data API
2011-02-25,NW2_EPG0_SWO_R48_BCF,1745,BCF,NA,EIA Open Data API
2011-03-04,NW2_EPG0_SWO_R48_BCF,1672,BCF,NA,EIA Open Data API
2011-03-11,NW2_EPG0_SWO_R48_BCF,1616,BCF,NA,EIA Open Data API
2011-03-18,NW2_EPG0_SWO_R48_BCF,1611,BCF,NA,EIA Open Data API
2011-03-25,NW2_EPG0_SWO_R48_BCF,1622,BCF,NA,EIA Open Data API
2011-04-01,NW2_EPG0_SWO_R48_BCF,1578,BCF,NA,EIA Open Data API
2011-04-08,NW2_EPG0_SWO_R48_BCF,1606,BCF,NA,EIA Open Data API
2011-04-15,NW2_EPG0_SWO_R48_BCF,1654,BCF,NA,EIA Open Data API
2011-04-22,NW2_EPG0_SWO_R48_BCF,1685,BCF,NA,EIA Open Data API
2011-04-29,NW2_EPG0_SWO_R48_BCF,1757,BCF,NA,EIA Open Data API
2011-05-06,NW2_EPG0_SWO_R48_BCF,1827,BCF,NA,EIA Open Data API
2011-05-13,NW2_EPG0_SWO_R48_BCF,1919,BCF,NA,EIA Open Data API
2011-05-20,NW2_EPG0_SWO_R48_BCF,2023,BCF,NA,EIA Open Data API
2011-05-27,NW2_EPG0_SWO_R48_BCF,2107,BCF,NA,EIA Open Data API
2011-06-03,NW2_EPG0_SWO_R48_BCF,2188,BCF,NA,EIA Open Data API
2011-06-10,NW2_EPG0_SWO_R48_BCF,2257,BCF,NA,EIA Open Data API
2011-06-17,NW2_EPG0_SWO_R48_BCF,2354,BCF,NA,EIA Open Data API
2011-06-24,NW2_EPG0_SWO_R48_BCF,2432,BCF,NA,EIA Open Data API
2011-07-01,NW2_EPG0_SWO_R48_BCF,2526,BCF,NA,EIA Open Data API
2011-07-08,NW2_EPG0_SWO_R48_BCF,2611,BCF,NA,EIA Open Data API
2011-07-15,NW2_EPG0_SWO_R48_BCF,2671,BCF,NA,EIA Open Data API
2011-07-22,NW2_EPG0_SWO_R48_BCF,2714,BCF,NA,EIA Open Data API
2011-07-29,NW2_EPG0_SWO_R48_BCF,2759,BCF,NA,EIA Open Data API
2011-08-05,NW2_EPG0_SWO_R48_BCF,2783,BCF,NA,EIA Open Data API
2011-08-12,NW2_EPG0_SWO_R48_BCF,2833,BCF,NA,EIA Open Data API
2011-08-19,NW2_EPG0_SWO_R48_BCF,2906,BCF,NA,EIA Open Data API
2011-08-26,NW2_EPG0_SWO_R48_BCF,2960,BCF,NA,EIA Open Data API
2011-09-02,NW2_EPG0_SWO_R48_BCF,3025,BCF,NA,EIA Open Data API
2011-09-09,NW2_EPG0_SWO_R48_BCF,3110,BCF,NA,EIA Open Data API
2011-09-16,NW2_EPG0_SWO_R48_BCF,3201,BCF,NA,EIA Open Data API
2011-09-23,NW2_EPG0_SWO_R48_BCF,3311,BCF,NA,EIA Open Data API
2011-09-30,NW2_EPG0_SWO_R48_BCF,3408,BCF,NA,EIA Open Data API
2011-10-07,NW2_EPG0_SWO_R48_BCF,3521,BCF,NA,EIA Open Data API
2011-10-14,NW2_EPG0_SWO_R48_BCF,3624,BCF,NA,EIA Open Data API
2011-10-21,NW2_EPG0_SWO_R48_BCF,3717,BCF,NA,EIA Open Data API
2011-10-28,NW2_EPG0_SWO_R48_BCF,3793,BCF,NA,EIA Open Data API
2011-11-04,NW2_EPG0_SWO_R48_BCF,3830,BCF,NA,EIA Open Data API
2011-11-11,NW2_EPG0_SWO_R48_BCF,3844,BCF,NA,EIA Open Data API
2011-11-18,NW2_EPG0_SWO_R48_BCF,3853,BCF,NA,EIA Open Data API
2011-11-25,NW2_EPG0_SWO_R48_BCF,3850,BCF,NA,EIA Open Data API
2011-12-02,NW2_EPG0_SWO_R48_BCF,3830,BCF,NA,EIA Open Data API
2011-12-09,NW2_EPG0_SWO_R48_BCF,3729,BCF,NA,EIA Open Data API
2011-12-16,NW2_EPG0_SWO_R48_BCF,3628,BCF,NA,EIA Open Data API
2011-12-23,NW2_EPG0_SWO_R48_BCF,3548,BCF,NA,EIA Open Data API
2011-12-30,NW2_EPG0_SWO_R48_BCF,3471,BCF,NA,EIA Open Data API
2012-01-06,NW2_EPG0_SWO_R48_BCF,3377,BCF,NA,EIA Open Data API
2012-01-13,NW2_EPG0_SWO_R48_BCF,3290,BCF,NA,EIA Open Data API
2012-01-20,NW2_EPG0_SWO_R48_BCF,3098,BCF,NA,EIA Open Data API
2012-01-27,NW2_EPG0_SWO_R48_BCF,2966,BCF,NA,EIA Open Data API
2012-02-03,NW2_EPG0_SWO_R48_BCF,2888,BCF,NA,EIA Open Data API
2012-02-10,NW2_EPG0_SWO_R48_BCF,2761,BCF,NA,EIA Open Data API
2012-02-17,NW2_EPG0_SWO_R48_BCF,2595,BCF,NA,EIA Open Data API
2012-02-24,NW2_EPG0_SWO_R48_BCF,2513,BCF,NA,EIA Open Data API
2012-03-02,NW2_EPG0_SWO_R48_BCF,2433,BCF,NA,EIA Open Data API
2012-03-09,NW2_EPG0_SWO_R48_BCF,2369,BCF,NA,EIA Open Data API
2012-03-16,NW2_EPG0_SWO_R48_BCF,2380,BCF,NA,EIA Open Data API
2012-03-23,NW2_EPG0_SWO_R48_BCF,2429,BCF,NA,EIA Open Data API
2012-03-30,NW2_EPG0_SWO_R48_BCF,2472,BCF,NA,EIA Open Data API
2012-04-06,NW2_EPG0_SWO_R48_BCF,2478,BCF,NA,EIA Open Data API
2012-04-13,NW2_EPG0_SWO_R48_BCF,2503,BCF,NA,EIA Open Data API
2012-04-20,NW2_EPG0_SWO_R48_BCF,2546,BCF,NA,EIA Open Data API
2012-04-27,NW2_EPG0_SWO_R48_BCF,2576,BCF,NA,EIA Open Data API
2012-05-04,NW2_EPG0_SWO_R48_BCF,2606,BCF,NA,EIA Open Data API
2012-05-11,NW2_EPG0_SWO_R48_BCF,2667,BCF,NA,EIA Open Data API
2012-05-18,NW2_EPG0_SWO_R48_BCF,2744,BCF,NA,EIA Open Data API
2012-05-25,NW2_EPG0_SWO_R48_BCF,2815,BCF,NA,EIA Open Data API
2012-06-01,NW2_EPG0_SWO_R48_BCF,2877,BCF,NA,EIA Open Data API
2012-06-08,NW2_EPG0_SWO_R48_BCF,2944,BCF,NA,EIA Open Data API
2012-06-15,NW2_EPG0_SWO_R48_BCF,3006,BCF,NA,EIA Open Data API
2012-06-22,NW2_EPG0_SWO_R48_BCF,3063,BCF,NA,EIA Open Data API
2012-06-29,NW2_EPG0_SWO_R48_BCF,3102,BCF,NA,EIA Open Data API
2012-07-06,NW2_EPG0_SWO_R48_BCF,3135,BCF,NA,EIA Open Data API
2012-07-13,NW2_EPG0_SWO_R48_BCF,3163,BCF,NA,EIA Open Data API
2012-07-20,NW2_EPG0_SWO_R48_BCF,3190,BCF,NA,EIA Open Data API
2012-07-27,NW2_EPG0_SWO_R48_BCF,3217,BCF,NA,EIA Open Data API
2012-08-03,NW2_EPG0_SWO_R48_BCF,3240,BCF,NA,EIA Open Data API
2012-08-10,NW2_EPG0_SWO_R48_BCF,3261,BCF,NA,EIA Open Data API
2012-08-17,NW2_EPG0_SWO_R48_BCF,3308,BCF,NA,EIA Open Data API
2012-08-24,NW2_EPG0_SWO_R48_BCF,3374,BCF,NA,EIA Open Data API
2012-08-31,NW2_EPG0_SWO_R48_BCF,3402,BCF,NA,EIA Open Data API
2012-09-07,NW2_EPG0_SWO_R48_BCF,3429,BCF,NA,EIA Open Data API
2012-09-14,NW2_EPG0_SWO_R48_BCF,3496,BCF,NA,EIA Open Data API
2012-09-21,NW2_EPG0_SWO_R48_BCF,3576,BCF,NA,EIA Open Data API
2012-09-28,NW2_EPG0_SWO_R48_BCF,3654,BCF,NA,EIA Open Data API
2012-10-05,NW2_EPG0_SWO_R48_BCF,3726,BCF,NA,EIA Open Data API
2012-10-12,NW2_EPG0_SWO_R48_BCF,3776,BCF,NA,EIA Open Data API
2012-10-19,NW2_EPG0_SWO_R48_BCF,3843,BCF,NA,EIA Open Data API
2012-10-26,NW2_EPG0_SWO_R48_BCF,3907,BCF,NA,EIA Open Data API
2012-11-02,NW2_EPG0_SWO_R48_BCF,3928,BCF,NA,EIA Open Data API
2012-11-09,NW2_EPG0_SWO_R48_BCF,3910,BCF,NA,EIA Open Data API
2012-11-16,NW2_EPG0_SWO_R48_BCF,3873,BCF,NA,EIA Open Data API
2012-11-23,NW2_EPG0_SWO_R48_BCF,3876,BCF,NA,EIA Open Data API
2012-11-30,NW2_EPG0_SWO_R48_BCF,3804,BCF,NA,EIA Open Data API
2012-12-07,NW2_EPG0_SWO_R48_BCF,3806,BCF,NA,EIA Open Data API
2012-12-14,NW2_EPG0_SWO_R48_BCF,3724,BCF,NA,EIA Open Data API
2012-12-21,NW2_EPG0_SWO_R48_BCF,3653,BCF,NA,EIA Open Data API
2012-12-28,NW2_EPG0_SWO_R48_BCF,3517,BCF,NA,EIA Open Data API
2013-01-04,NW2_EPG0_SWO_R48_BCF,3316,BCF,NA,EIA Open Data API
2013-01-11,NW2_EPG0_SWO_R48_BCF,3167,BCF,NA,EIA Open Data API
2013-01-18,NW2_EPG0_SWO_R48_BCF,2996,BCF,NA,EIA Open Data API
2013-01-25,NW2_EPG0_SWO_R48_BCF,2802,BCF,NA,EIA Open Data API
2013-02-01,NW2_EPG0_SWO_R48_BCF,2684,BCF,NA,EIA Open Data API
2013-02-08,NW2_EPG0_SWO_R48_BCF,2526,BCF,NA,EIA Open Data API
2013-02-15,NW2_EPG0_SWO_R48_BCF,2400,BCF,NA,EIA Open Data API
2013-02-22,NW2_EPG0_SWO_R48_BCF,2229,BCF,NA,EIA Open Data API
2013-03-01,NW2_EPG0_SWO_R48_BCF,2082,BCF,NA,EIA Open Data API
2013-03-08,NW2_EPG0_SWO_R48_BCF,1938,BCF,NA,EIA Open Data API
2013-03-15,NW2_EPG0_SWO_R48_BCF,1876,BCF,NA,EIA Open Data API
2013-03-22,NW2_EPG0_SWO_R48_BCF,1781,BCF,NA,EIA Open Data API
2013-03-29,NW2_EPG0_SWO_R48_BCF,1687,BCF,NA,EIA Open Data API
2013-04-05,NW2_EPG0_SWO_R48_BCF,1674,BCF,NA,EIA Open Data API
2013-04-12,NW2_EPG0_SWO_R48_BCF,1705,BCF,NA,EIA Open Data API
2013-04-19,NW2_EPG0_SWO_R48_BCF,1734,BCF,NA,EIA Open Data API
2013-04-26,NW2_EPG0_SWO_R48_BCF,1776,BCF,NA,EIA Open Data API
2013-05-03,NW2_EPG0_SWO_R48_BCF,1866,BCF,NA,EIA Open Data API
2013-05-10,NW2_EPG0_SWO_R48_BCF,1964,BCF,NA,EIA Open Data API
2013-05-17,NW2_EPG0_SWO_R48_BCF,2052,BCF,NA,EIA Open Data API
2013-05-24,NW2_EPG0_SWO_R48_BCF,2142,BCF,NA,EIA Open Data API
2013-05-31,NW2_EPG0_SWO_R48_BCF,2252,BCF,NA,EIA Open Data API
2013-06-07,NW2_EPG0_SWO_R48_BCF,2347,BCF,NA,EIA Open Data API
2013-06-14,NW2_EPG0_SWO_R48_BCF,2439,BCF,NA,EIA Open Data API
2013-06-21,NW2_EPG0_SWO_R48_BCF,2533,BCF,NA,EIA Open Data API
2013-06-28,NW2_EPG0_SWO_R48_BCF,2606,BCF,NA,EIA Open Data API
2013-07-05,NW2_EPG0_SWO_R48_BCF,2687,BCF,NA,EIA Open Data API
2013-07-12,NW2_EPG0_SWO_R48_BCF,2745,BCF,NA,EIA Open Data API
2013-07-19,NW2_EPG0_SWO_R48_BCF,2786,BCF,NA,EIA Open Data API
2013-07-26,NW2_EPG0_SWO_R48_BCF,2845,BCF,NA,EIA Open Data API
2013-08-02,NW2_EPG0_SWO_R48_BCF,2940,BCF,NA,EIA Open Data API
2013-08-09,NW2_EPG0_SWO_R48_BCF,3007,BCF,NA,EIA Open Data API
2013-08-16,NW2_EPG0_SWO_R48_BCF,3063,BCF,NA,EIA Open Data API
2013-08-23,NW2_EPG0_SWO_R48_BCF,3131,BCF,NA,EIA Open Data API
2013-08-30,NW2_EPG0_SWO_R48_BCF,3189,BCF,NA,EIA Open Data API
2013-09-06,NW2_EPG0_SWO_R48_BCF,3253,BCF,NA,EIA Open Data API
2013-09-13,NW2_EPG0_SWO_R48_BCF,3299,BCF,NA,EIA Open Data API
2013-09-20,NW2_EPG0_SWO_R48_BCF,3385,BCF,NA,EIA Open Data API
2013-09-27,NW2_EPG0_SWO_R48_BCF,3487,BCF,NA,EIA Open Data API
2013-10-04,NW2_EPG0_SWO_R48_BCF,3577,BCF,NA,EIA Open Data API
2013-10-11,NW2_EPG0_SWO_R48_BCF,3655,BCF,NA,EIA Open Data API
2013-10-18,NW2_EPG0_SWO_R48_BCF,3741,BCF,NA,EIA Open Data API
2013-10-25,NW2_EPG0_SWO_R48_BCF,3779,BCF,NA,EIA Open Data API
2013-11-01,NW2_EPG0_SWO_R48_BCF,3816,BCF,NA,EIA Open Data API
2013-11-08,NW2_EPG0_SWO_R48_BCF,3834,BCF,NA,EIA Open Data API
2013-11-15,NW2_EPG0_SWO_R48_BCF,3789,BCF,NA,EIA Open Data API
2013-11-22,NW2_EPG0_SWO_R48_BCF,3775,BCF,NA,EIA Open Data API
2013-11-29,NW2_EPG0_SWO_R48_BCF,3613,BCF,NA,EIA Open Data API
2013-12-06,NW2_EPG0_SWO_R48_BCF,3533,BCF,NA,EIA Open Data API
2013-12-13,NW2_EPG0_SWO_R48_BCF,3248,BCF,NA,EIA Open Data API
2013-12-20,NW2_EPG0_SWO_R48_BCF,3071,BCF,NA,EIA Open Data API
2013-12-27,NW2_EPG0_SWO_R48_BCF,2975,BCF,NA,EIA Open Data API
2014-01-03,NW2_EPG0_SWO_R48_BCF,2817,BCF,NA,EIA Open Data API
2014-01-10,NW2_EPG0_SWO_R48_BCF,2529,BCF,NA,EIA Open Data API
2014-01-17,NW2_EPG0_SWO_R48_BCF,2424,BCF,NA,EIA Open Data API
2014-01-24,NW2_EPG0_SWO_R48_BCF,2184,BCF,NA,EIA Open Data API
2014-01-31,NW2_EPG0_SWO_R48_BCF,1924,BCF,NA,EIA Open Data API
2014-02-07,NW2_EPG0_SWO_R48_BCF,1693,BCF,NA,EIA Open Data API
2014-02-14,NW2_EPG0_SWO_R48_BCF,1444,BCF,NA,EIA Open Data API
2014-02-21,NW2_EPG0_SWO_R48_BCF,1348,BCF,NA,EIA Open Data API
2014-02-28,NW2_EPG0_SWO_R48_BCF,1196,BCF,NA,EIA Open Data API
2014-03-07,NW2_EPG0_SWO_R48_BCF,1002,BCF,NA,EIA Open Data API
2014-03-14,NW2_EPG0_SWO_R48_BCF,953,BCF,NA,EIA Open Data API
2014-03-21,NW2_EPG0_SWO_R48_BCF,895,BCF,NA,EIA Open Data API
2014-03-28,NW2_EPG0_SWO_R48_BCF,824,BCF,NA,EIA Open Data API
2014-04-04,NW2_EPG0_SWO_R48_BCF,827,BCF,NA,EIA Open Data API
2014-04-11,NW2_EPG0_SWO_R48_BCF,850,BCF,NA,EIA Open Data API
2014-04-18,NW2_EPG0_SWO_R48_BCF,899,BCF,NA,EIA Open Data API
2014-04-25,NW2_EPG0_SWO_R48_BCF,981,BCF,NA,EIA Open Data API
2014-05-02,NW2_EPG0_SWO_R48_BCF,1055,BCF,NA,EIA Open Data API
2014-05-09,NW2_EPG0_SWO_R48_BCF,1160,BCF,NA,EIA Open Data API
2014-05-16,NW2_EPG0_SWO_R48_BCF,1267,BCF,NA,EIA Open Data API
2014-05-23,NW2_EPG0_SWO_R48_BCF,1380,BCF,NA,EIA Open Data API
2014-05-30,NW2_EPG0_SWO_R48_BCF,1499,BCF,NA,EIA Open Data API
2014-06-06,NW2_EPG0_SWO_R48_BCF,1607,BCF,NA,EIA Open Data API
2014-06-13,NW2_EPG0_SWO_R48_BCF,1719,BCF,NA,EIA Open Data API
2014-06-20,NW2_EPG0_SWO_R48_BCF,1829,BCF,NA,EIA Open Data API
2014-06-27,NW2_EPG0_SWO_R48_BCF,1928,BCF,NA,EIA Open Data API
2014-07-04,NW2_EPG0_SWO_R48_BCF,2023,BCF,NA,EIA Open Data API
2014-07-11,NW2_EPG0_SWO_R48_BCF,2128,BCF,NA,EIA Open Data API
2014-07-18,NW2_EPG0_SWO_R48_BCF,2219,BCF,NA,EIA Open Data API
2014-07-25,NW2_EPG0_SWO_R48_BCF,2307,BCF,NA,EIA Open Data API
2014-08-01,NW2_EPG0_SWO_R48_BCF,2388,BCF,NA,EIA Open Data API
2014-08-08,NW2_EPG0_SWO_R48_BCF,2467,BCF,NA,EIA Open Data API
2014-08-15,NW2_EPG0_SWO_R48_BCF,2555,BCF,NA,EIA Open Data API
2014-08-22,NW2_EPG0_SWO_R48_BCF,2631,BCF,NA,EIA Open Data API
2014-08-29,NW2_EPG0_SWO_R48_BCF,2709,BCF,NA,EIA Open Data API
2014-09-05,NW2_EPG0_SWO_R48_BCF,2801,BCF,NA,EIA Open Data API
2014-09-12,NW2_EPG0_SWO_R48_BCF,2890,BCF,NA,EIA Open Data API
2014-09-19,NW2_EPG0_SWO_R48_BCF,2988,BCF,NA,EIA Open Data API
2014-09-26,NW2_EPG0_SWO_R48_BCF,3099,BCF,NA,EIA Open Data API
2014-10-03,NW2_EPG0_SWO_R48_BCF,3205,BCF,NA,EIA Open Data API
2014-10-10,NW2_EPG0_SWO_R48_BCF,3298,BCF,NA,EIA Open Data API
2014-10-17,NW2_EPG0_SWO_R48_BCF,3393,BCF,NA,EIA Open Data API
2014-10-24,NW2_EPG0_SWO_R48_BCF,3480,BCF,NA,EIA Open Data API
2014-10-31,NW2_EPG0_SWO_R48_BCF,3571,BCF,NA,EIA Open Data API
2014-11-07,NW2_EPG0_SWO_R48_BCF,3611,BCF,NA,EIA Open Data API
2014-11-14,NW2_EPG0_SWO_R48_BCF,3594,BCF,NA,EIA Open Data API
2014-11-21,NW2_EPG0_SWO_R48_BCF,3432,BCF,NA,EIA Open Data API
2014-11-28,NW2_EPG0_SWO_R48_BCF,3410,BCF,NA,EIA Open Data API
2014-12-05,NW2_EPG0_SWO_R48_BCF,3359,BCF,NA,EIA Open Data API
2014-12-12,NW2_EPG0_SWO_R48_BCF,3296,BCF,NA,EIA Open Data API
2014-12-19,NW2_EPG0_SWO_R48_BCF,3246,BCF,NA,EIA Open Data API
2014-12-26,NW2_EPG0_SWO_R48_BCF,3220,BCF,NA,EIA Open Data API
2015-01-02,NW2_EPG0_SWO_R48_BCF,3089,BCF,NA,EIA Open Data API
2015-01-09,NW2_EPG0_SWO_R48_BCF,2854,BCF,NA,EIA Open Data API
2015-01-16,NW2_EPG0_SWO_R48_BCF,2637,BCF,NA,EIA Open Data API
2015-01-23,NW2_EPG0_SWO_R48_BCF,2543,BCF,NA,EIA Open Data API
2015-01-30,NW2_EPG0_SWO_R48_BCF,2428,BCF,NA,EIA Open Data API
2015-02-06,NW2_EPG0_SWO_R48_BCF,2268,BCF,NA,EIA Open Data API
2015-02-13,NW2_EPG0_SWO_R48_BCF,2158,BCF,NA,EIA Open Data API
2015-02-20,NW2_EPG0_SWO_R48_BCF,1938,BCF,NA,EIA Open Data API
2015-02-27,NW2_EPG0_SWO_R48_BCF,1709,BCF,NA,EIA Open Data API
2015-03-06,NW2_EPG0_SWO_R48_BCF,1511,BCF,NA,EIA Open Data API
2015-03-13,NW2_EPG0_SWO_R48_BCF,1468,BCF,NA,EIA Open Data API
2015-03-20,NW2_EPG0_SWO_R48_BCF,1479,BCF,NA,EIA Open Data API
2015-03-27,NW2_EPG0_SWO_R48_BCF,1461,BCF,NA,EIA Open Data API
2015-04-03,NW2_EPG0_SWO_R48_BCF,1476,BCF,NA,EIA Open Data API
2015-04-10,NW2_EPG0_SWO_R48_BCF,1539,BCF,NA,EIA Open Data API
2015-04-17,NW2_EPG0_SWO_R48_BCF,1628,BCF,NA,EIA Open Data API
2015-04-24,NW2_EPG0_SWO_R48_BCF,1711,BCF,NA,EIA Open Data API
2015-05-01,NW2_EPG0_SWO_R48_BCF,1785,BCF,NA,EIA Open Data API
2015-05-08,NW2_EPG0_SWO_R48_BCF,1897,BCF,NA,EIA Open Data API
2015-05-15,NW2_EPG0_SWO_R48_BCF,1989,BCF,NA,EIA Open Data API
2015-05-22,NW2_EPG0_SWO_R48_BCF,2101,BCF,NA,EIA Open Data API
2015-05-29,NW2_EPG0_SWO_R48_BCF,2233,BCF,NA,EIA Open Data API
2015-06-05,NW2_EPG0_SWO_R48_BCF,2344,BCF,NA,EIA Open Data API
2015-06-12,NW2_EPG0_SWO_R48_BCF,2433,BCF,NA,EIA Open Data API
2015-06-19,NW2_EPG0_SWO_R48_BCF,2506,BCF,NA,EIA Open Data API
2015-06-26,NW2_EPG0_SWO_R48_BCF,2579,BCF,NA,EIA Open Data API
2015-07-03,NW2_EPG0_SWO_R48_BCF,2666,BCF,NA,EIA Open Data API
2015-07-10,NW2_EPG0_SWO_R48_BCF,2764,BCF,NA,EIA Open Data API
2015-07-17,NW2_EPG0_SWO_R48_BCF,2823,BCF,NA,EIA Open Data API
2015-07-24,NW2_EPG0_SWO_R48_BCF,2872,BCF,NA,EIA Open Data API
2015-07-31,NW2_EPG0_SWO_R48_BCF,2910,BCF,NA,EIA Open Data API
2015-08-07,NW2_EPG0_SWO_R48_BCF,2975,BCF,NA,EIA Open Data API
2015-08-14,NW2_EPG0_SWO_R48_BCF,3027,BCF,NA,EIA Open Data API
2015-08-21,NW2_EPG0_SWO_R48_BCF,3094,BCF,NA,EIA Open Data API
2015-08-28,NW2_EPG0_SWO_R48_BCF,3190,BCF,NA,EIA Open Data API
2015-09-04,NW2_EPG0_SWO_R48_BCF,3262,BCF,NA,EIA Open Data API
2015-09-11,NW2_EPG0_SWO_R48_BCF,3336,BCF,NA,EIA Open Data API
2015-09-18,NW2_EPG0_SWO_R48_BCF,3441,BCF,NA,EIA Open Data API
2015-09-25,NW2_EPG0_SWO_R48_BCF,3537,BCF,NA,EIA Open Data API
2015-10-02,NW2_EPG0_SWO_R48_BCF,3634,BCF,NA,EIA Open Data API
2015-10-09,NW2_EPG0_SWO_R48_BCF,3731,BCF,NA,EIA Open Data API
2015-10-16,NW2_EPG0_SWO_R48_BCF,3813,BCF,NA,EIA Open Data API
2015-10-23,NW2_EPG0_SWO_R48_BCF,3875,BCF,NA,EIA Open Data API
2015-10-30,NW2_EPG0_SWO_R48_BCF,3931,BCF,NA,EIA Open Data API
2015-11-06,NW2_EPG0_SWO_R48_BCF,3985,BCF,NA,EIA Open Data API
2015-11-13,NW2_EPG0_SWO_R48_BCF,4000,BCF,NA,EIA Open Data API
2015-11-20,NW2_EPG0_SWO_R48_BCF,4009,BCF,NA,EIA Open Data API
2015-11-27,NW2_EPG0_SWO_R48_BCF,3956,BCF,NA,EIA Open Data API
2015-12-04,NW2_EPG0_SWO_R48_BCF,3880,BCF,NA,EIA Open Data API
2015-12-11,NW2_EPG0_SWO_R48_BCF,3846,BCF,NA,EIA Open Data API
2015-12-18,NW2_EPG0_SWO_R48_BCF,3814,BCF,NA,EIA Open Data API
2015-12-25,NW2_EPG0_SWO_R48_BCF,3756,BCF,NA,EIA Open Data API
2016-01-01,NW2_EPG0_SWO_R48_BCF,3643,BCF,NA,EIA Open Data API
2016-01-08,NW2_EPG0_SWO_R48_BCF,3475,BCF,NA,EIA Open Data API
2016-01-15,NW2_EPG0_SWO_R48_BCF,3297,BCF,NA,EIA Open Data API
2016-01-22,NW2_EPG0_SWO_R48_BCF,3086,BCF,NA,EIA Open Data API
2016-01-29,NW2_EPG0_SWO_R48_BCF,2934,BCF,NA,EIA Open Data API
2016-02-05,NW2_EPG0_SWO_R48_BCF,2864,BCF,NA,EIA Open Data API
2016-02-12,NW2_EPG0_SWO_R48_BCF,2701,BCF,NA,EIA Open Data API
2016-02-19,NW2_EPG0_SWO_R48_BCF,2584,BCF,NA,EIA Open Data API
2016-02-26,NW2_EPG0_SWO_R48_BCF,2536,BCF,NA,EIA Open Data API
2016-03-04,NW2_EPG0_SWO_R48_BCF,2479,BCF,NA,EIA Open Data API
2016-03-11,NW2_EPG0_SWO_R48_BCF,2478,BCF,NA,EIA Open Data API
2016-03-18,NW2_EPG0_SWO_R48_BCF,2493,BCF,NA,EIA Open Data API
2016-03-25,NW2_EPG0_SWO_R48_BCF,2468,BCF,NA,EIA Open Data API
2016-04-01,NW2_EPG0_SWO_R48_BCF,2480,BCF,NA,EIA Open Data API
2016-04-08,NW2_EPG0_SWO_R48_BCF,2477,BCF,NA,EIA Open Data API
2016-04-15,NW2_EPG0_SWO_R48_BCF,2484,BCF,NA,EIA Open Data API
2016-04-22,NW2_EPG0_SWO_R48_BCF,2557,BCF,NA,EIA Open Data API
2016-04-29,NW2_EPG0_SWO_R48_BCF,2625,BCF,NA,EIA Open Data API
2016-05-06,NW2_EPG0_SWO_R48_BCF,2681,BCF,NA,EIA Open Data API
2016-05-13,NW2_EPG0_SWO_R48_BCF,2754,BCF,NA,EIA Open Data API
2016-05-20,NW2_EPG0_SWO_R48_BCF,2825,BCF,NA,EIA Open Data API
2016-05-27,NW2_EPG0_SWO_R48_BCF,2907,BCF,NA,EIA Open Data API
2016-06-03,NW2_EPG0_SWO_R48_BCF,2972,BCF,NA,EIA Open Data API
2016-06-10,NW2_EPG0_SWO_R48_BCF,3041,BCF,NA,EIA Open Data API
2016-06-17,NW2_EPG0_SWO_R48_BCF,3103,BCF,NA,EIA Open Data API
2016-06-24,NW2_EPG0_SWO_R48_BCF,3140,BCF,NA,EIA Open Data API
2016-07-01,NW2_EPG0_SWO_R48_BCF,3179,BCF,NA,EIA Open Data API
2016-07-08,NW2_EPG0_SWO_R48_BCF,3243,BCF,NA,EIA Open Data API
2016-07-15,NW2_EPG0_SWO_R48_BCF,3277,BCF,NA,EIA Open Data API
2016-07-22,NW2_EPG0_SWO_R48_BCF,3294,BCF,NA,EIA Open Data API
2016-07-29,NW2_EPG0_SWO_R48_BCF,3288,BCF,NA,EIA Open Data API
2016-08-05,NW2_EPG0_SWO_R48_BCF,3317,BCF,NA,EIA Open Data API
2016-08-12,NW2_EPG0_SWO_R48_BCF,3339,BCF,NA,EIA Open Data API
2016-08-19,NW2_EPG0_SWO_R48_BCF,3350,BCF,NA,EIA Open Data API
2016-08-26,NW2_EPG0_SWO_R48_BCF,3401,BCF,NA,EIA Open Data API
2016-09-02,NW2_EPG0_SWO_R48_BCF,3437,BCF,NA,EIA Open Data API
2016-09-09,NW2_EPG0_SWO_R48_BCF,3499,BCF,NA,EIA Open Data API
2016-09-16,NW2_EPG0_SWO_R48_BCF,3551,BCF,NA,EIA Open Data API
2016-09-23,NW2_EPG0_SWO_R48_BCF,3600,BCF,NA,EIA Open Data API
2016-09-30,NW2_EPG0_SWO_R48_BCF,3680,BCF,NA,EIA Open Data API
2016-10-07,NW2_EPG0_SWO_R48_BCF,3759,BCF,NA,EIA Open Data API
2016-10-14,NW2_EPG0_SWO_R48_BCF,3836,BCF,NA,EIA Open Data API
2016-10-21,NW2_EPG0_SWO_R48_BCF,3909,BCF,NA,EIA Open Data API
2016-10-28,NW2_EPG0_SWO_R48_BCF,3963,BCF,NA,EIA Open Data API
2016-11-04,NW2_EPG0_SWO_R48_BCF,4017,BCF,NA,EIA Open Data API
2016-11-11,NW2_EPG0_SWO_R48_BCF,4047,BCF,NA,EIA Open Data API
2016-11-18,NW2_EPG0_SWO_R48_BCF,4045,BCF,NA,EIA Open Data API
2016-11-25,NW2_EPG0_SWO_R48_BCF,3995,BCF,NA,EIA Open Data API
2016-12-02,NW2_EPG0_SWO_R48_BCF,3953,BCF,NA,EIA Open Data API
2016-12-09,NW2_EPG0_SWO_R48_BCF,3806,BCF,NA,EIA Open Data API
2016-12-16,NW2_EPG0_SWO_R48_BCF,3597,BCF,NA,EIA Open Data API
2016-12-23,NW2_EPG0_SWO_R48_BCF,3360,BCF,NA,EIA Open Data API
2016-12-30,NW2_EPG0_SWO_R48_BCF,3311,BCF,NA,EIA Open Data API
2017-01-06,NW2_EPG0_SWO_R48_BCF,3160,BCF,NA,EIA Open Data API
2017-01-13,NW2_EPG0_SWO_R48_BCF,2917,BCF,NA,EIA Open Data API
2017-01-20,NW2_EPG0_SWO_R48_BCF,2798,BCF,NA,EIA Open Data API
2017-01-27,NW2_EPG0_SWO_R48_BCF,2711,BCF,NA,EIA Open Data API
2017-02-03,NW2_EPG0_SWO_R48_BCF,2559,BCF,NA,EIA Open Data API
2017-02-10,NW2_EPG0_SWO_R48_BCF,2445,BCF,NA,EIA Open Data API
2017-02-17,NW2_EPG0_SWO_R48_BCF,2356,BCF,NA,EIA Open Data API
2017-02-24,NW2_EPG0_SWO_R48_BCF,2363,BCF,NA,EIA Open Data API
2017-03-03,NW2_EPG0_SWO_R48_BCF,2295,BCF,NA,EIA Open Data API
2017-03-10,NW2_EPG0_SWO_R48_BCF,2242,BCF,NA,EIA Open Data API
2017-03-17,NW2_EPG0_SWO_R48_BCF,2092,BCF,NA,EIA Open Data API
2017-03-24,NW2_EPG0_SWO_R48_BCF,2049,BCF,NA,EIA Open Data API
2017-03-31,NW2_EPG0_SWO_R48_BCF,2051,BCF,NA,EIA Open Data API
2017-04-07,NW2_EPG0_SWO_R48_BCF,2061,BCF,NA,EIA Open Data API
2017-04-14,NW2_EPG0_SWO_R48_BCF,2115,BCF,NA,EIA Open Data API
2017-04-21,NW2_EPG0_SWO_R48_BCF,2189,BCF,NA,EIA Open Data API
2017-04-28,NW2_EPG0_SWO_R48_BCF,2256,BCF,NA,EIA Open Data API
2017-05-05,NW2_EPG0_SWO_R48_BCF,2301,BCF,NA,EIA Open Data API
2017-05-12,NW2_EPG0_SWO_R48_BCF,2369,BCF,NA,EIA Open Data API
2017-05-19,NW2_EPG0_SWO_R48_BCF,2444,BCF,NA,EIA Open Data API
2017-05-26,NW2_EPG0_SWO_R48_BCF,2525,BCF,NA,EIA Open Data API
2017-06-02,NW2_EPG0_SWO_R48_BCF,2631,BCF,NA,EIA Open Data API
2017-06-09,NW2_EPG0_SWO_R48_BCF,2709,BCF,NA,EIA Open Data API
2017-06-16,NW2_EPG0_SWO_R48_BCF,2770,BCF,NA,EIA Open Data API
2017-06-23,NW2_EPG0_SWO_R48_BCF,2816,BCF,NA,EIA Open Data API
2017-06-30,NW2_EPG0_SWO_R48_BCF,2878,BCF,NA,EIA Open Data API
2017-07-07,NW2_EPG0_SWO_R48_BCF,2936,BCF,NA,EIA Open Data API
2017-07-14,NW2_EPG0_SWO_R48_BCF,2963,BCF,NA,EIA Open Data API
2017-07-21,NW2_EPG0_SWO_R48_BCF,2980,BCF,NA,EIA Open Data API
2017-07-28,NW2_EPG0_SWO_R48_BCF,2999,BCF,NA,EIA Open Data API
2017-08-04,NW2_EPG0_SWO_R48_BCF,3029,BCF,NA,EIA Open Data API
2017-08-11,NW2_EPG0_SWO_R48_BCF,3082,BCF,NA,EIA Open Data API
2017-08-18,NW2_EPG0_SWO_R48_BCF,3125,BCF,NA,EIA Open Data API
2017-08-25,NW2_EPG0_SWO_R48_BCF,3155,BCF,NA,EIA Open Data API
2017-09-01,NW2_EPG0_SWO_R48_BCF,3220,BCF,NA,EIA Open Data API
2017-09-08,NW2_EPG0_SWO_R48_BCF,3311,BCF,NA,EIA Open Data API
2017-09-15,NW2_EPG0_SWO_R48_BCF,3408,BCF,NA,EIA Open Data API
2017-09-22,NW2_EPG0_SWO_R48_BCF,3466,BCF,NA,EIA Open Data API
2017-09-29,NW2_EPG0_SWO_R48_BCF,3508,BCF,NA,EIA Open Data API
2017-10-06,NW2_EPG0_SWO_R48_BCF,3595,BCF,NA,EIA Open Data API
2017-10-13,NW2_EPG0_SWO_R48_BCF,3645,BCF,NA,EIA Open Data API
2017-10-20,NW2_EPG0_SWO_R48_BCF,3710,BCF,NA,EIA Open Data API
2017-10-27,NW2_EPG0_SWO_R48_BCF,3775,BCF,NA,EIA Open Data API
2017-11-03,NW2_EPG0_SWO_R48_BCF,3790,BCF,NA,EIA Open Data API
2017-11-10,NW2_EPG0_SWO_R48_BCF,3772,BCF,NA,EIA Open Data API
2017-11-17,NW2_EPG0_SWO_R48_BCF,3726,BCF,NA,EIA Open Data API
2017-11-24,NW2_EPG0_SWO_R48_BCF,3693,BCF,NA,EIA Open Data API
2017-12-01,NW2_EPG0_SWO_R48_BCF,3695,BCF,NA,EIA Open Data API
2017-12-08,NW2_EPG0_SWO_R48_BCF,3626,BCF,NA,EIA Open Data API
2017-12-15,NW2_EPG0_SWO_R48_BCF,3444,BCF,NA,EIA Open Data API
2017-12-22,NW2_EPG0_SWO_R48_BCF,3332,BCF,NA,EIA Open Data API
2017-12-29,NW2_EPG0_SWO_R48_BCF,3126,BCF,NA,EIA Open Data API
2018-01-05,NW2_EPG0_SWO_R48_BCF,2767,BCF,NA,EIA Open Data API
2018-01-12,NW2_EPG0_SWO_R48_BCF,2584,BCF,NA,EIA Open Data API
2018-01-19,NW2_EPG0_SWO_R48_BCF,2296,BCF,NA,EIA Open Data API
2018-01-26,NW2_EPG0_SWO_R48_BCF,2197,BCF,NA,EIA Open Data API
2018-02-02,NW2_EPG0_SWO_R48_BCF,2078,BCF,NA,EIA Open Data API
2018-02-09,NW2_EPG0_SWO_R48_BCF,1884,BCF,NA,EIA Open Data API
2018-02-16,NW2_EPG0_SWO_R48_BCF,1760,BCF,NA,EIA Open Data API
2018-02-23,NW2_EPG0_SWO_R48_BCF,1682,BCF,NA,EIA Open Data API
2018-03-02,NW2_EPG0_SWO_R48_BCF,1625,BCF,NA,EIA Open Data API
2018-03-09,NW2_EPG0_SWO_R48_BCF,1532,BCF,NA,EIA Open Data API
2018-03-16,NW2_EPG0_SWO_R48_BCF,1446,BCF,NA,EIA Open Data API
2018-03-23,NW2_EPG0_SWO_R48_BCF,1383,BCF,NA,EIA Open Data API
2018-03-30,NW2_EPG0_SWO_R48_BCF,1354,BCF,NA,EIA Open Data API
2018-04-06,NW2_EPG0_SWO_R48_BCF,1335,BCF,NA,EIA Open Data API
2018-04-13,NW2_EPG0_SWO_R48_BCF,1299,BCF,NA,EIA Open Data API
2018-04-20,NW2_EPG0_SWO_R48_BCF,1281,BCF,NA,EIA Open Data API
2018-04-27,NW2_EPG0_SWO_R48_BCF,1343,BCF,NA,EIA Open Data API
2018-05-04,NW2_EPG0_SWO_R48_BCF,1432,BCF,NA,EIA Open Data API
2018-05-11,NW2_EPG0_SWO_R48_BCF,1538,BCF,NA,EIA Open Data API
2018-05-18,NW2_EPG0_SWO_R48_BCF,1629,BCF,NA,EIA Open Data API
2018-05-25,NW2_EPG0_SWO_R48_BCF,1725,BCF,NA,EIA Open Data API
2018-06-01,NW2_EPG0_SWO_R48_BCF,1817,BCF,NA,EIA Open Data API
2018-06-08,NW2_EPG0_SWO_R48_BCF,1913,BCF,NA,EIA Open Data API
2018-06-15,NW2_EPG0_SWO_R48_BCF,2008,BCF,NA,EIA Open Data API
2018-06-22,NW2_EPG0_SWO_R48_BCF,2074,BCF,NA,EIA Open Data API
2018-06-29,NW2_EPG0_SWO_R48_BCF,2152,BCF,NA,EIA Open Data API
2018-07-06,NW2_EPG0_SWO_R48_BCF,2203,BCF,NA,EIA Open Data API
2018-07-13,NW2_EPG0_SWO_R48_BCF,2248,BCF,NA,EIA Open Data API
2018-07-20,NW2_EPG0_SWO_R48_BCF,2272,BCF,NA,EIA Open Data API
2018-07-27,NW2_EPG0_SWO_R48_BCF,2305,BCF,NA,EIA Open Data API
2018-08-03,NW2_EPG0_SWO_R48_BCF,2353,BCF,NA,EIA Open Data API
2018-08-10,NW2_EPG0_SWO_R48_BCF,2386,BCF,NA,EIA Open Data API
2018-08-17,NW2_EPG0_SWO_R48_BCF,2435,BCF,NA,EIA Open Data API
2018-08-24,NW2_EPG0_SWO_R48_BCF,2504,BCF,NA,EIA Open Data API
2018-08-31,NW2_EPG0_SWO_R48_BCF,2567,BCF,NA,EIA Open Data API
2018-09-07,NW2_EPG0_SWO_R48_BCF,2636,BCF,NA,EIA Open Data API
2018-09-14,NW2_EPG0_SWO_R48_BCF,2722,BCF,NA,EIA Open Data API
2018-09-21,NW2_EPG0_SWO_R48_BCF,2768,BCF,NA,EIA Open Data API
2018-09-28,NW2_EPG0_SWO_R48_BCF,2866,BCF,NA,EIA Open Data API
2018-10-05,NW2_EPG0_SWO_R48_BCF,2956,BCF,NA,EIA Open Data API
2018-10-12,NW2_EPG0_SWO_R48_BCF,3037,BCF,NA,EIA Open Data API
2018-10-19,NW2_EPG0_SWO_R48_BCF,3095,BCF,NA,EIA Open Data API
2018-10-26,NW2_EPG0_SWO_R48_BCF,3143,BCF,NA,EIA Open Data API
2018-11-02,NW2_EPG0_SWO_R48_BCF,3208,BCF,NA,EIA Open Data API
2018-11-09,NW2_EPG0_SWO_R48_BCF,3247,BCF,NA,EIA Open Data API
2018-11-16,NW2_EPG0_SWO_R48_BCF,3113,BCF,NA,EIA Open Data API
2018-11-23,NW2_EPG0_SWO_R48_BCF,3054,BCF,NA,EIA Open Data API
2018-11-30,NW2_EPG0_SWO_R48_BCF,2991,BCF,NA,EIA Open Data API
2018-12-07,NW2_EPG0_SWO_R48_BCF,2914,BCF,NA,EIA Open Data API
2018-12-14,NW2_EPG0_SWO_R48_BCF,2773,BCF,NA,EIA Open Data API
2018-12-21,NW2_EPG0_SWO_R48_BCF,2725,BCF,NA,EIA Open Data API
2018-12-28,NW2_EPG0_SWO_R48_BCF,2705,BCF,NA,EIA Open Data API
2019-01-04,NW2_EPG0_SWO_R48_BCF,2614,BCF,NA,EIA Open Data API
2019-01-11,NW2_EPG0_SWO_R48_BCF,2533,BCF,NA,EIA Open Data API
2019-01-18,NW2_EPG0_SWO_R48_BCF,2370,BCF,NA,EIA Open Data API
2019-01-25,NW2_EPG0_SWO_R48_BCF,2197,BCF,NA,EIA Open Data API
2019-02-01,NW2_EPG0_SWO_R48_BCF,1960,BCF,NA,EIA Open Data API
2019-02-08,NW2_EPG0_SWO_R48_BCF,1882,BCF,NA,EIA Open Data API
2019-02-15,NW2_EPG0_SWO_R48_BCF,1705,BCF,NA,EIA Open Data API
2019-02-22,NW2_EPG0_SWO_R48_BCF,1539,BCF,NA,EIA Open Data API
2019-03-01,NW2_EPG0_SWO_R48_BCF,1390,BCF,NA,EIA Open Data API
2019-03-08,NW2_EPG0_SWO_R48_BCF,1190,BCF,NA,EIA Open Data API
2019-03-15,NW2_EPG0_SWO_R48_BCF,1143,BCF,NA,EIA Open Data API
2019-03-22,NW2_EPG0_SWO_R48_BCF,1107,BCF,NA,EIA Open Data API
2019-03-29,NW2_EPG0_SWO_R48_BCF,1130,BCF,NA,EIA Open Data API
2019-04-05,NW2_EPG0_SWO_R48_BCF,1155,BCF,NA,EIA Open Data API
2019-04-12,NW2_EPG0_SWO_R48_BCF,1247,BCF,NA,EIA Open Data API
2019-04-19,NW2_EPG0_SWO_R48_BCF,1339,BCF,NA,EIA Open Data API
2019-04-26,NW2_EPG0_SWO_R48_BCF,1462,BCF,NA,EIA Open Data API
2019-05-03,NW2_EPG0_SWO_R48_BCF,1547,BCF,NA,EIA Open Data API
2019-05-10,NW2_EPG0_SWO_R48_BCF,1653,BCF,NA,EIA Open Data API
2019-05-17,NW2_EPG0_SWO_R48_BCF,1753,BCF,NA,EIA Open Data API
2019-05-24,NW2_EPG0_SWO_R48_BCF,1867,BCF,NA,EIA Open Data API
2019-05-31,NW2_EPG0_SWO_R48_BCF,1986,BCF,NA,EIA Open Data API
2019-06-07,NW2_EPG0_SWO_R48_BCF,2088,BCF,NA,EIA Open Data API
2019-06-14,NW2_EPG0_SWO_R48_BCF,2203,BCF,NA,EIA Open Data API
2019-06-21,NW2_EPG0_SWO_R48_BCF,2301,BCF,NA,EIA Open Data API
2019-06-28,NW2_EPG0_SWO_R48_BCF,2390,BCF,NA,EIA Open Data API
2019-07-05,NW2_EPG0_SWO_R48_BCF,2471,BCF,NA,EIA Open Data API
2019-07-12,NW2_EPG0_SWO_R48_BCF,2533,BCF,NA,EIA Open Data API
2019-07-19,NW2_EPG0_SWO_R48_BCF,2569,BCF,NA,EIA Open Data API
2019-07-26,NW2_EPG0_SWO_R48_BCF,2634,BCF,NA,EIA Open Data API
2019-08-02,NW2_EPG0_SWO_R48_BCF,2689,BCF,NA,EIA Open Data API
2019-08-09,NW2_EPG0_SWO_R48_BCF,2738,BCF,NA,EIA Open Data API
2019-08-16,NW2_EPG0_SWO_R48_BCF,2797,BCF,NA,EIA Open Data API
2019-08-23,NW2_EPG0_SWO_R48_BCF,2857,BCF,NA,EIA Open Data API
2019-08-30,NW2_EPG0_SWO_R48_BCF,2941,BCF,NA,EIA Open Data API
2019-09-06,NW2_EPG0_SWO_R48_BCF,3019,BCF,NA,EIA Open Data API
2019-09-13,NW2_EPG0_SWO_R48_BCF,3103,BCF,NA,EIA Open Data API
2019-09-20,NW2_EPG0_SWO_R48_BCF,3205,BCF,NA,EIA Open Data API
2019-09-27,NW2_EPG0_SWO_R48_BCF,3317,BCF,NA,EIA Open Data API
2019-10-04,NW2_EPG0_SWO_R48_BCF,3415,BCF,NA,EIA Open Data API
2019-10-11,NW2_EPG0_SWO_R48_BCF,3519,BCF,NA,EIA Open Data API
2019-10-18,NW2_EPG0_SWO_R48_BCF,3606,BCF,NA,EIA Open Data API
2019-10-25,NW2_EPG0_SWO_R48_BCF,3695,BCF,NA,EIA Open Data API
2019-11-01,NW2_EPG0_SWO_R48_BCF,3729,BCF,NA,EIA Open Data API
2019-11-08,NW2_EPG0_SWO_R48_BCF,3732,BCF,NA,EIA Open Data API
2019-11-15,NW2_EPG0_SWO_R48_BCF,3638,BCF,NA,EIA Open Data API
2019-11-22,NW2_EPG0_SWO_R48_BCF,3610,BCF,NA,EIA Open Data API
2019-11-29,NW2_EPG0_SWO_R48_BCF,3591,BCF,NA,EIA Open Data API
2019-12-06,NW2_EPG0_SWO_R48_BCF,3518,BCF,NA,EIA Open Data API
2019-12-13,NW2_EPG0_SWO_R48_BCF,3411,BCF,NA,EIA Open Data API
2019-12-20,NW2_EPG0_SWO_R48_BCF,3250,BCF,NA,EIA Open Data API
2019-12-27,NW2_EPG0_SWO_R48_BCF,3192,BCF,NA,EIA Open Data API
2020-01-03,NW2_EPG0_SWO_R48_BCF,3148,BCF,NA,EIA Open Data API
2020-01-10,NW2_EPG0_SWO_R48_BCF,3039,BCF,NA,EIA Open Data API
2020-01-17,NW2_EPG0_SWO_R48_BCF,2947,BCF,NA,EIA Open Data API
2020-01-24,NW2_EPG0_SWO_R48_BCF,2746,BCF,NA,EIA Open Data API
2020-01-31,NW2_EPG0_SWO_R48_BCF,2609,BCF,NA,EIA Open Data API
2020-02-07,NW2_EPG0_SWO_R48_BCF,2494,BCF,NA,EIA Open Data API
2020-02-14,NW2_EPG0_SWO_R48_BCF,2343,BCF,NA,EIA Open Data API
2020-02-21,NW2_EPG0_SWO_R48_BCF,2200,BCF,NA,EIA Open Data API
2020-02-28,NW2_EPG0_SWO_R48_BCF,2091,BCF,NA,EIA Open Data API
2020-03-06,NW2_EPG0_SWO_R48_BCF,2043,BCF,NA,EIA Open Data API
2020-03-13,NW2_EPG0_SWO_R48_BCF,2034,BCF,NA,EIA Open Data API
2020-03-20,NW2_EPG0_SWO_R48_BCF,2005,BCF,NA,EIA Open Data API
2020-03-27,NW2_EPG0_SWO_R48_BCF,1986,BCF,NA,EIA Open Data API
2020-04-03,NW2_EPG0_SWO_R48_BCF,2024,BCF,NA,EIA Open Data API
2020-04-10,NW2_EPG0_SWO_R48_BCF,2097,BCF,NA,EIA Open Data API
2020-04-17,NW2_EPG0_SWO_R48_BCF,2140,BCF,NA,EIA Open Data API
2020-04-24,NW2_EPG0_SWO_R48_BCF,2210,BCF,NA,EIA Open Data API
2020-05-01,NW2_EPG0_SWO_R48_BCF,2319,BCF,NA,EIA Open Data API
2020-05-08,NW2_EPG0_SWO_R48_BCF,2422,BCF,NA,EIA Open Data API
2020-05-15,NW2_EPG0_SWO_R48_BCF,2503,BCF,NA,EIA Open Data API
2020-05-22,NW2_EPG0_SWO_R48_BCF,2612,BCF,NA,EIA Open Data API
2020-05-29,NW2_EPG0_SWO_R48_BCF,2714,BCF,NA,EIA Open Data API
2020-06-05,NW2_EPG0_SWO_R48_BCF,2807,BCF,NA,EIA Open Data API
2020-06-12,NW2_EPG0_SWO_R48_BCF,2892,BCF,NA,EIA Open Data API
2020-06-19,NW2_EPG0_SWO_R48_BCF,3012,BCF,NA,EIA Open Data API
2020-06-26,NW2_EPG0_SWO_R48_BCF,3077,BCF,NA,EIA Open Data API
2020-07-03,NW2_EPG0_SWO_R48_BCF,3133,BCF,NA,EIA Open Data API
2020-07-10,NW2_EPG0_SWO_R48_BCF,3178,BCF,NA,EIA Open Data API
2020-07-17,NW2_EPG0_SWO_R48_BCF,3215,BCF,NA,EIA Open Data API
2020-07-24,NW2_EPG0_SWO_R48_BCF,3241,BCF,NA,EIA Open Data API
2020-07-31,NW2_EPG0_SWO_R48_BCF,3274,BCF,NA,EIA Open Data API
2020-08-07,NW2_EPG0_SWO_R48_BCF,3332,BCF,NA,EIA Open Data API
2020-08-14,NW2_EPG0_SWO_R48_BCF,3375,BCF,NA,EIA Open Data API
2020-08-21,NW2_EPG0_SWO_R48_BCF,3420,BCF,NA,EIA Open Data API
2020-08-28,NW2_EPG0_SWO_R48_BCF,3455,BCF,NA,EIA Open Data API
2020-09-04,NW2_EPG0_SWO_R48_BCF,3525,BCF,NA,EIA Open Data API
2020-09-11,NW2_EPG0_SWO_R48_BCF,3614,BCF,NA,EIA Open Data API
2020-09-18,NW2_EPG0_SWO_R48_BCF,3680,BCF,NA,EIA Open Data API
2020-09-25,NW2_EPG0_SWO_R48_BCF,3756,BCF,NA,EIA Open Data API
2020-10-02,NW2_EPG0_SWO_R48_BCF,3831,BCF,NA,EIA Open Data API
2020-10-09,NW2_EPG0_SWO_R48_BCF,3877,BCF,NA,EIA Open Data API
2020-10-16,NW2_EPG0_SWO_R48_BCF,3926,BCF,NA,EIA Open Data API
2020-10-23,NW2_EPG0_SWO_R48_BCF,3955,BCF,NA,EIA Open Data API
2020-10-30,NW2_EPG0_SWO_R48_BCF,3919,BCF,NA,EIA Open Data API
2020-11-06,NW2_EPG0_SWO_R48_BCF,3927,BCF,NA,EIA Open Data API
2020-11-13,NW2_EPG0_SWO_R48_BCF,3958,BCF,NA,EIA Open Data API
2020-11-20,NW2_EPG0_SWO_R48_BCF,3940,BCF,NA,EIA Open Data API
2020-11-27,NW2_EPG0_SWO_R48_BCF,3939,BCF,NA,EIA Open Data API
2020-12-04,NW2_EPG0_SWO_R48_BCF,3848,BCF,NA,EIA Open Data API
2020-12-11,NW2_EPG0_SWO_R48_BCF,3726,BCF,NA,EIA Open Data API
2020-12-18,NW2_EPG0_SWO_R48_BCF,3574,BCF,NA,EIA Open Data API
2020-12-25,NW2_EPG0_SWO_R48_BCF,3460,BCF,NA,EIA Open Data API
2021-01-01,NW2_EPG0_SWO_R48_BCF,3330,BCF,NA,EIA Open Data API
2021-01-08,NW2_EPG0_SWO_R48_BCF,3196,BCF,NA,EIA Open Data API
2021-01-15,NW2_EPG0_SWO_R48_BCF,3009,BCF,NA,EIA Open Data API
2021-01-22,NW2_EPG0_SWO_R48_BCF,2881,BCF,NA,EIA Open Data API
2021-01-29,NW2_EPG0_SWO_R48_BCF,2689,BCF,NA,EIA Open Data API
2021-02-05,NW2_EPG0_SWO_R48_BCF,2518,BCF,NA,EIA Open Data API
2021-02-12,NW2_EPG0_SWO_R48_BCF,2281,BCF,NA,EIA Open Data API
2021-02-19,NW2_EPG0_SWO_R48_BCF,1943,BCF,NA,EIA Open Data API
2021-02-26,NW2_EPG0_SWO_R48_BCF,1845,BCF,NA,EIA Open Data API
2021-03-05,NW2_EPG0_SWO_R48_BCF,1793,BCF,NA,EIA Open Data API
2021-03-12,NW2_EPG0_SWO_R48_BCF,1782,BCF,NA,EIA Open Data API
2021-03-19,NW2_EPG0_SWO_R48_BCF,1750,BCF,NA,EIA Open Data API
2021-03-26,NW2_EPG0_SWO_R48_BCF,1764,BCF,NA,EIA Open Data API
2021-04-02,NW2_EPG0_SWO_R48_BCF,1784,BCF,NA,EIA Open Data API
2021-04-09,NW2_EPG0_SWO_R48_BCF,1845,BCF,NA,EIA Open Data API
2021-04-16,NW2_EPG0_SWO_R48_BCF,1883,BCF,NA,EIA Open Data API
2021-04-23,NW2_EPG0_SWO_R48_BCF,1898,BCF,NA,EIA Open Data API
2021-04-30,NW2_EPG0_SWO_R48_BCF,1958,BCF,NA,EIA Open Data API
2021-05-07,NW2_EPG0_SWO_R48_BCF,2029,BCF,NA,EIA Open Data API
2021-05-14,NW2_EPG0_SWO_R48_BCF,2100,BCF,NA,EIA Open Data API
2021-05-21,NW2_EPG0_SWO_R48_BCF,2215,BCF,NA,EIA Open Data API
2021-05-28,NW2_EPG0_SWO_R48_BCF,2313,BCF,NA,EIA Open Data API
2021-06-04,NW2_EPG0_SWO_R48_BCF,2411,BCF,NA,EIA Open Data API
2021-06-11,NW2_EPG0_SWO_R48_BCF,2427,BCF,NA,EIA Open Data API
2021-06-18,NW2_EPG0_SWO_R48_BCF,2482,BCF,NA,EIA Open Data API
2021-06-25,NW2_EPG0_SWO_R48_BCF,2558,BCF,NA,EIA Open Data API
2021-07-02,NW2_EPG0_SWO_R48_BCF,2574,BCF,NA,EIA Open Data API
2021-07-09,NW2_EPG0_SWO_R48_BCF,2629,BCF,NA,EIA Open Data API
2021-07-16,NW2_EPG0_SWO_R48_BCF,2678,BCF,NA,EIA Open Data API
2021-07-23,NW2_EPG0_SWO_R48_BCF,2714,BCF,NA,EIA Open Data API
2021-07-30,NW2_EPG0_SWO_R48_BCF,2727,BCF,NA,EIA Open Data API
2021-08-06,NW2_EPG0_SWO_R48_BCF,2776,BCF,NA,EIA Open Data API
2021-08-13,NW2_EPG0_SWO_R48_BCF,2822,BCF,NA,EIA Open Data API
2021-08-20,NW2_EPG0_SWO_R48_BCF,2851,BCF,NA,EIA Open Data API
2021-08-27,NW2_EPG0_SWO_R48_BCF,2871,BCF,NA,EIA Open Data API
2021-09-03,NW2_EPG0_SWO_R48_BCF,2923,BCF,NA,EIA Open Data API
2021-09-10,NW2_EPG0_SWO_R48_BCF,3006,BCF,NA,EIA Open Data API
2021-09-17,NW2_EPG0_SWO_R48_BCF,3082,BCF,NA,EIA Open Data API
2021-09-24,NW2_EPG0_SWO_R48_BCF,3170,BCF,NA,EIA Open Data API
2021-10-01,NW2_EPG0_SWO_R48_BCF,3288,BCF,NA,EIA Open Data API
2021-10-08,NW2_EPG0_SWO_R48_BCF,3369,BCF,NA,EIA Open Data API
2021-10-15,NW2_EPG0_SWO_R48_BCF,3461,BCF,NA,EIA Open Data API
2021-10-22,NW2_EPG0_SWO_R48_BCF,3548,BCF,NA,EIA Open Data API
2021-10-29,NW2_EPG0_SWO_R48_BCF,3611,BCF,NA,EIA Open Data API
2021-11-05,NW2_EPG0_SWO_R48_BCF,3618,BCF,NA,EIA Open Data API
2021-11-12,NW2_EPG0_SWO_R48_BCF,3644,BCF,NA,EIA Open Data API
2021-11-19,NW2_EPG0_SWO_R48_BCF,3623,BCF,NA,EIA Open Data API
2021-11-26,NW2_EPG0_SWO_R48_BCF,3564,BCF,NA,EIA Open Data API
2021-12-03,NW2_EPG0_SWO_R48_BCF,3505,BCF,NA,EIA Open Data API
2021-12-10,NW2_EPG0_SWO_R48_BCF,3417,BCF,NA,EIA Open Data API
2021-12-17,NW2_EPG0_SWO_R48_BCF,3362,BCF,NA,EIA Open Data API
2021-12-24,NW2_EPG0_SWO_R48_BCF,3226,BCF,NA,EIA Open Data API
2021-12-31,NW2_EPG0_SWO_R48_BCF,3195,BCF,NA,EIA Open Data API
2022-01-07,NW2_EPG0_SWO_R48_BCF,3016,BCF,NA,EIA Open Data API
2022-01-14,NW2_EPG0_SWO_R48_BCF,2810,BCF,NA,EIA Open Data API
2022-01-21,NW2_EPG0_SWO_R48_BCF,2591,BCF,NA,EIA Open Data API
2022-01-28,NW2_EPG0_SWO_R48_BCF,2323,BCF,NA,EIA Open Data API
2022-02-04,NW2_EPG0_SWO_R48_BCF,2101,BCF,NA,EIA Open Data API
2022-02-11,NW2_EPG0_SWO_R48_BCF,1911,BCF,NA,EIA Open Data API
2022-02-18,NW2_EPG0_SWO_R48_BCF,1782,BCF,NA,EIA Open Data API
2022-02-25,NW2_EPG0_SWO_R48_BCF,1643,BCF,NA,EIA Open Data API
2022-03-04,NW2_EPG0_SWO_R48_BCF,1519,BCF,NA,EIA Open Data API
2022-03-11,NW2_EPG0_SWO_R48_BCF,1440,BCF,NA,EIA Open Data API
2022-03-18,NW2_EPG0_SWO_R48_BCF,1389,BCF,NA,EIA Open Data API
2022-03-25,NW2_EPG0_SWO_R48_BCF,1415,BCF,NA,EIA Open Data API
2022-04-01,NW2_EPG0_SWO_R48_BCF,1382,BCF,NA,EIA Open Data API
2022-04-08,NW2_EPG0_SWO_R48_BCF,1397,BCF,NA,EIA Open Data API
2022-04-15,NW2_EPG0_SWO_R48_BCF,1450,BCF,NA,EIA Open Data API
2022-04-22,NW2_EPG0_SWO_R48_BCF,1490,BCF,NA,EIA Open Data API
2022-04-29,NW2_EPG0_SWO_R48_BCF,1567,BCF,NA,EIA Open Data API
2022-05-06,NW2_EPG0_SWO_R48_BCF,1643,BCF,NA,EIA Open Data API
2022-05-13,NW2_EPG0_SWO_R48_BCF,1732,BCF,NA,EIA Open Data API
2022-05-20,NW2_EPG0_SWO_R48_BCF,1819,BCF,NA,EIA Open Data API
2022-05-27,NW2_EPG0_SWO_R48_BCF,1901,BCF,NA,EIA Open Data API
2022-06-03,NW2_EPG0_SWO_R48_BCF,2003,BCF,NA,EIA Open Data API
2022-06-10,NW2_EPG0_SWO_R48_BCF,2095,BCF,NA,EIA Open Data API
2022-06-17,NW2_EPG0_SWO_R48_BCF,2169,BCF,NA,EIA Open Data API
2022-06-24,NW2_EPG0_SWO_R48_BCF,2251,BCF,NA,EIA Open Data API
2022-07-01,NW2_EPG0_SWO_R48_BCF,2311,BCF,NA,EIA Open Data API
2022-07-08,NW2_EPG0_SWO_R48_BCF,2369,BCF,NA,EIA Open Data API
2022-07-15,NW2_EPG0_SWO_R48_BCF,2401,BCF,NA,EIA Open Data API
2022-07-22,NW2_EPG0_SWO_R48_BCF,2416,BCF,NA,EIA Open Data API
2022-07-29,NW2_EPG0_SWO_R48_BCF,2457,BCF,NA,EIA Open Data API
2022-08-05,NW2_EPG0_SWO_R48_BCF,2501,BCF,NA,EIA Open Data API
2022-08-12,NW2_EPG0_SWO_R48_BCF,2519,BCF,NA,EIA Open Data API
2022-08-19,NW2_EPG0_SWO_R48_BCF,2579,BCF,NA,EIA Open Data API
2022-08-26,NW2_EPG0_SWO_R48_BCF,2640,BCF,NA,EIA Open Data API
2022-09-02,NW2_EPG0_SWO_R48_BCF,2694,BCF,NA,EIA Open Data API
2022-09-09,NW2_EPG0_SWO_R48_BCF,2771,BCF,NA,EIA Open Data API
2022-09-16,NW2_EPG0_SWO_R48_BCF,2874,BCF,NA,EIA Open Data API
2022-09-23,NW2_EPG0_SWO_R48_BCF,2977,BCF,NA,EIA Open Data API
2022-09-30,NW2_EPG0_SWO_R48_BCF,3106,BCF,NA,EIA Open Data API
2022-10-07,NW2_EPG0_SWO_R48_BCF,3231,BCF,NA,EIA Open Data API
2022-10-14,NW2_EPG0_SWO_R48_BCF,3342,BCF,NA,EIA Open Data API
2022-10-21,NW2_EPG0_SWO_R48_BCF,3394,BCF,NA,EIA Open Data API
2022-10-28,NW2_EPG0_SWO_R48_BCF,3501,BCF,NA,EIA Open Data API
2022-11-04,NW2_EPG0_SWO_R48_BCF,3580,BCF,NA,EIA Open Data API
2022-11-11,NW2_EPG0_SWO_R48_BCF,3644,BCF,NA,EIA Open Data API
2022-11-18,NW2_EPG0_SWO_R48_BCF,3564,BCF,NA,EIA Open Data API
2022-11-25,NW2_EPG0_SWO_R48_BCF,3483,BCF,NA,EIA Open Data API
2022-12-02,NW2_EPG0_SWO_R48_BCF,3462,BCF,NA,EIA Open Data API
2022-12-09,NW2_EPG0_SWO_R48_BCF,3412,BCF,NA,EIA Open Data API
2022-12-16,NW2_EPG0_SWO_R48_BCF,3325,BCF,NA,EIA Open Data API
2022-12-23,NW2_EPG0_SWO_R48_BCF,3112,BCF,NA,EIA Open Data API
2022-12-30,NW2_EPG0_SWO_R48_BCF,2891,BCF,NA,EIA Open Data API
2023-01-06,NW2_EPG0_SWO_R48_BCF,2902,BCF,NA,EIA Open Data API
2023-01-13,NW2_EPG0_SWO_R48_BCF,2820,BCF,NA,EIA Open Data API
2023-01-20,NW2_EPG0_SWO_R48_BCF,2734,BCF,NA,EIA Open Data API
2023-01-27,NW2_EPG0_SWO_R48_BCF,2583,BCF,NA,EIA Open Data API
2023-02-03,NW2_EPG0_SWO_R48_BCF,2366,BCF,NA,EIA Open Data API
2023-02-10,NW2_EPG0_SWO_R48_BCF,2266,BCF,NA,EIA Open Data API
2023-02-17,NW2_EPG0_SWO_R48_BCF,2195,BCF,NA,EIA Open Data API
2023-02-24,NW2_EPG0_SWO_R48_BCF,2114,BCF,NA,EIA Open Data API
2023-03-03,NW2_EPG0_SWO_R48_BCF,2030,BCF,NA,EIA Open Data API
2023-03-10,NW2_EPG0_SWO_R48_BCF,1972,BCF,NA,EIA Open Data API
2023-03-17,NW2_EPG0_SWO_R48_BCF,1900,BCF,NA,EIA Open Data API
2023-03-24,NW2_EPG0_SWO_R48_BCF,1853,BCF,NA,EIA Open Data API
2023-03-31,NW2_EPG0_SWO_R48_BCF,1830,BCF,NA,EIA Open Data API
2023-04-07,NW2_EPG0_SWO_R48_BCF,1855,BCF,NA,EIA Open Data API
2023-04-14,NW2_EPG0_SWO_R48_BCF,1930,BCF,NA,EIA Open Data API
2023-04-21,NW2_EPG0_SWO_R48_BCF,2009,BCF,NA,EIA Open Data API
2023-04-28,NW2_EPG0_SWO_R48_BCF,2063,BCF,NA,EIA Open Data API
2023-05-05,NW2_EPG0_SWO_R48_BCF,2141,BCF,NA,EIA Open Data API
2023-05-12,NW2_EPG0_SWO_R48_BCF,2240,BCF,NA,EIA Open Data API
2023-05-19,NW2_EPG0_SWO_R48_BCF,2336,BCF,NA,EIA Open Data API
2023-05-26,NW2_EPG0_SWO_R48_BCF,2446,BCF,NA,EIA Open Data API
2023-06-02,NW2_EPG0_SWO_R48_BCF,2550,BCF,NA,EIA Open Data API
2023-06-09,NW2_EPG0_SWO_R48_BCF,2634,BCF,NA,EIA Open Data API
2023-06-16,NW2_EPG0_SWO_R48_BCF,2729,BCF,NA,EIA Open Data API
2023-06-23,NW2_EPG0_SWO_R48_BCF,2805,BCF,NA,EIA Open Data API
2023-06-30,NW2_EPG0_SWO_R48_BCF,2881,BCF,NA,EIA Open Data API
2023-07-07,NW2_EPG0_SWO_R48_BCF,2930,BCF,NA,EIA Open Data API
2023-07-14,NW2_EPG0_SWO_R48_BCF,2971,BCF,NA,EIA Open Data API
2023-07-21,NW2_EPG0_SWO_R48_BCF,2987,BCF,NA,EIA Open Data API
2023-07-28,NW2_EPG0_SWO_R48_BCF,3001,BCF,NA,EIA Open Data API
2023-08-04,NW2_EPG0_SWO_R48_BCF,3030,BCF,NA,EIA Open Data API
2023-08-11,NW2_EPG0_SWO_R48_BCF,3065,BCF,NA,EIA Open Data API
2023-08-18,NW2_EPG0_SWO_R48_BCF,3083,BCF,NA,EIA Open Data API
2023-08-25,NW2_EPG0_SWO_R48_BCF,3115,BCF,NA,EIA Open Data API
2023-09-01,NW2_EPG0_SWO_R48_BCF,3148,BCF,NA,EIA Open Data API
2023-09-08,NW2_EPG0_SWO_R48_BCF,3205,BCF,NA,EIA Open Data API
2023-09-15,NW2_EPG0_SWO_R48_BCF,3269,BCF,NA,EIA Open Data API
2023-09-22,NW2_EPG0_SWO_R48_BCF,3359,BCF,NA,EIA Open Data API
2023-09-29,NW2_EPG0_SWO_R48_BCF,3445,BCF,NA,EIA Open Data API
2023-10-06,NW2_EPG0_SWO_R48_BCF,3529,BCF,NA,EIA Open Data API
2023-10-13,NW2_EPG0_SWO_R48_BCF,3626,BCF,NA,EIA Open Data API
2023-10-20,NW2_EPG0_SWO_R48_BCF,3700,BCF,NA,EIA Open Data API
2023-10-27,NW2_EPG0_SWO_R48_BCF,3779,BCF,NA,EIA Open Data API
2023-11-03,NW2_EPG0_SWO_R48_BCF,3773,BCF,NA,EIA Open Data API
2023-11-10,NW2_EPG0_SWO_R48_BCF,3833,BCF,NA,EIA Open Data API
2023-11-17,NW2_EPG0_SWO_R48_BCF,3826,BCF,NA,EIA Open Data API
2023-11-24,NW2_EPG0_SWO_R48_BCF,3836,BCF,NA,EIA Open Data API
2023-12-01,NW2_EPG0_SWO_R48_BCF,3719,BCF,NA,EIA Open Data API
2023-12-08,NW2_EPG0_SWO_R48_BCF,3664,BCF,NA,EIA Open Data API
2023-12-15,NW2_EPG0_SWO_R48_BCF,3577,BCF,NA,EIA Open Data API
2023-12-22,NW2_EPG0_SWO_R48_BCF,3490,BCF,NA,EIA Open Data API
2023-12-29,NW2_EPG0_SWO_R48_BCF,3476,BCF,NA,EIA Open Data API
2024-01-05,NW2_EPG0_SWO_R48_BCF,3336,BCF,NA,EIA Open Data API
2024-01-12,NW2_EPG0_SWO_R48_BCF,3182,BCF,NA,EIA Open Data API
2024-01-19,NW2_EPG0_SWO_R48_BCF,2856,BCF,NA,EIA Open Data API
2024-01-26,NW2_EPG0_SWO_R48_BCF,2659,BCF,NA,EIA Open Data API
2024-02-02,NW2_EPG0_SWO_R48_BCF,2584,BCF,NA,EIA Open Data API
2024-02-09,NW2_EPG0_SWO_R48_BCF,2530,BCF,NA,EIA Open Data API
2024-02-16,NW2_EPG0_SWO_R48_BCF,2470,BCF,NA,EIA Open Data API
2024-02-23,NW2_EPG0_SWO_R48_BCF,2374,BCF,NA,EIA Open Data API
2024-03-01,NW2_EPG0_SWO_R48_BCF,2334,BCF,NA,EIA Open Data API
2024-03-08,NW2_EPG0_SWO_R48_BCF,2325,BCF,NA,EIA Open Data API
2024-03-15,NW2_EPG0_SWO_R48_BCF,2332,BCF,NA,EIA Open Data API
2024-03-22,NW2_EPG0_SWO_R48_BCF,2296,BCF,NA,EIA Open Data API
2024-03-29,NW2_EPG0_SWO_R48_BCF,2259,BCF,NA,EIA Open Data API
2024-04-05,NW2_EPG0_SWO_R48_BCF,2283,BCF,NA,EIA Open Data API
2024-04-12,NW2_EPG0_SWO_R48_BCF,2333,BCF,NA,EIA Open Data API
2024-04-19,NW2_EPG0_SWO_R48_BCF,2425,BCF,NA,EIA Open Data API
2024-04-26,NW2_EPG0_SWO_R48_BCF,2484,BCF,NA,EIA Open Data API
2024-05-03,NW2_EPG0_SWO_R48_BCF,2569,BCF,NA,EIA Open Data API
2024-05-10,NW2_EPG0_SWO_R48_BCF,2640,BCF,NA,EIA Open Data API
2024-05-17,NW2_EPG0_SWO_R48_BCF,2719,BCF,NA,EIA Open Data API
2024-05-24,NW2_EPG0_SWO_R48_BCF,2804,BCF,NA,EIA Open Data API
2024-05-31,NW2_EPG0_SWO_R48_BCF,2900,BCF,NA,EIA Open Data API
2024-06-07,NW2_EPG0_SWO_R48_BCF,2974,BCF,NA,EIA Open Data API
2024-06-14,NW2_EPG0_SWO_R48_BCF,3045,BCF,NA,EIA Open Data API
2024-06-21,NW2_EPG0_SWO_R48_BCF,3102,BCF,NA,EIA Open Data API
2024-06-28,NW2_EPG0_SWO_R48_BCF,3134,BCF,NA,EIA Open Data API
2024-07-05,NW2_EPG0_SWO_R48_BCF,3199,BCF,NA,EIA Open Data API
2024-07-12,NW2_EPG0_SWO_R48_BCF,3209,BCF,NA,EIA Open Data API
2024-07-19,NW2_EPG0_SWO_R48_BCF,3231,BCF,NA,EIA Open Data API
2024-07-26,NW2_EPG0_SWO_R48_BCF,3249,BCF,NA,EIA Open Data API
2024-08-02,NW2_EPG0_SWO_R48_BCF,3270,BCF,NA,EIA Open Data API
2024-08-09,NW2_EPG0_SWO_R48_BCF,3264,BCF,NA,EIA Open Data API
2024-08-16,NW2_EPG0_SWO_R48_BCF,3299,BCF,NA,EIA Open Data API
2024-08-23,NW2_EPG0_SWO_R48_BCF,3334,BCF,NA,EIA Open Data API
2024-08-30,NW2_EPG0_SWO_R48_BCF,3347,BCF,NA,EIA Open Data API
2024-09-06,NW2_EPG0_SWO_R48_BCF,3387,BCF,NA,EIA Open Data API
2024-09-13,NW2_EPG0_SWO_R48_BCF,3445,BCF,NA,EIA Open Data API
2024-09-20,NW2_EPG0_SWO_R48_BCF,3493,BCF,NA,EIA Open Data API
2024-09-27,NW2_EPG0_SWO_R48_BCF,3548,BCF,NA,EIA Open Data API
2024-10-04,NW2_EPG0_SWO_R48_BCF,3630,BCF,NA,EIA Open Data API
2024-10-11,NW2_EPG0_SWO_R48_BCF,3706,BCF,NA,EIA Open Data API
2024-10-18,NW2_EPG0_SWO_R48_BCF,3785,BCF,NA,EIA Open Data API
2024-10-25,NW2_EPG0_SWO_R48_BCF,3864,BCF,NA,EIA Open Data API
2024-11-01,NW2_EPG0_SWO_R48_BCF,3931,BCF,NA,EIA Open Data API
2024-11-08,NW2_EPG0_SWO_R48_BCF,3972,BCF,NA,EIA Open Data API
2024-11-15,NW2_EPG0_SWO_R48_BCF,3969,BCF,NA,EIA Open Data API
2024-11-22,NW2_EPG0_SWO_R48_BCF,3967,BCF,NA,EIA Open Data API
2024-11-29,NW2_EPG0_SWO_R48_BCF,3937,BCF,NA,EIA Open Data API
2024-12-06,NW2_EPG0_SWO_R48_BCF,3747,BCF,NA,EIA Open Data API
2024-12-13,NW2_EPG0_SWO_R48_BCF,3622,BCF,NA,EIA Open Data API
2024-12-20,NW2_EPG0_SWO_R48_BCF,3529,BCF,NA,EIA Open Data API
2024-12-27,NW2_EPG0_SWO_R48_BCF,3413,BCF,NA,EIA Open Data API
2025-01-03,NW2_EPG0_SWO_R48_BCF,3373,BCF,NA,EIA Open Data API
2025-01-10,NW2_EPG0_SWO_R48_BCF,3115,BCF,NA,EIA Open Data API
2025-01-17,NW2_EPG0_SWO_R48_BCF,2892,BCF,NA,EIA Open Data API
2025-01-24,NW2_EPG0_SWO_R48_BCF,2571,BCF,NA,EIA Open Data API
2025-01-31,NW2_EPG0_SWO_R48_BCF,2397,BCF,NA,EIA Open Data API
2025-02-07,NW2_EPG0_SWO_R48_BCF,2297,BCF,NA,EIA Open Data API
2025-02-14,NW2_EPG0_SWO_R48_BCF,2101,BCF,NA,EIA Open Data API
2025-02-21,NW2_EPG0_SWO_R48_BCF,1840,BCF,NA,EIA Open Data API
2025-02-28,NW2_EPG0_SWO_R48_BCF,1760,BCF,NA,EIA Open Data API
2025-03-07,NW2_EPG0_SWO_R48_BCF,1698,BCF,NA,EIA Open Data API
2025-03-14,NW2_EPG0_SWO_R48_BCF,1707,BCF,NA,EIA Open Data API
2025-03-21,NW2_EPG0_SWO_R48_BCF,1744,BCF,NA,EIA Open Data API
2025-03-28,NW2_EPG0_SWO_R48_BCF,1773,BCF,NA,EIA Open Data API
2025-04-04,NW2_EPG0_SWO_R48_BCF,1830,BCF,NA,EIA Open Data API
2025-04-11,NW2_EPG0_SWO_R48_BCF,1846,BCF,NA,EIA Open Data API
2025-04-18,NW2_EPG0_SWO_R48_BCF,1934,BCF,NA,EIA Open Data API
2025-04-25,NW2_EPG0_SWO_R48_BCF,2041,BCF,NA,EIA Open Data API
2025-05-02,NW2_EPG0_SWO_R48_BCF,2145,BCF,NA,EIA Open Data API
2025-05-09,NW2_EPG0_SWO_R48_BCF,2255,BCF,NA,EIA Open Data API
2025-05-16,NW2_EPG0_SWO_R48_BCF,2375,BCF,NA,EIA Open Data API
2025-05-23,NW2_EPG0_SWO_R48_BCF,2476,BCF,NA,EIA Open Data API
2025-05-30,NW2_EPG0_SWO_R48_BCF,2598,BCF,NA,EIA Open Data API
2025-06-06,NW2_EPG0_SWO_R48_BCF,2707,BCF,NA,EIA Open Data API
2025-06-13,NW2_EPG0_SWO_R48_BCF,2802,BCF,NA,EIA Open Data API
2025-06-20,NW2_EPG0_SWO_R48_BCF,2898,BCF,NA,EIA Open Data API
2025-06-27,NW2_EPG0_SWO_R48_BCF,2953,BCF,NA,EIA Open Data API
2025-07-04,NW2_EPG0_SWO_R48_BCF,3006,BCF,NA,EIA Open Data API
2025-07-11,NW2_EPG0_SWO_R48_BCF,3052,BCF,NA,EIA Open Data API
2025-07-18,NW2_EPG0_SWO_R48_BCF,3075,BCF,NA,EIA Open Data API
2025-07-25,NW2_EPG0_SWO_R48_BCF,3123,BCF,NA,EIA Open Data API
2025-08-01,NW2_EPG0_SWO_R48_BCF,3130,BCF,NA,EIA Open Data API
2025-08-08,NW2_EPG0_SWO_R48_BCF,3186,BCF,NA,EIA Open Data API
2025-08-15,NW2_EPG0_SWO_R48_BCF,3199,BCF,NA,EIA Open Data API
2025-08-22,NW2_EPG0_SWO_R48_BCF,3217,BCF,NA,EIA Open Data API
2025-08-29,NW2_EPG0_SWO_R48_BCF,3262,BCF,NA,EIA Open Data API
2025-09-05,NW2_EPG0_SWO_R48_BCF,3333,BCF,NA,EIA Open Data API
2025-09-12,NW2_EPG0_SWO_R48_BCF,3423,BCF,NA,EIA Open Data API
2025-09-19,NW2_EPG0_SWO_R48_BCF,3499,BCF,NA,EIA Open Data API
2025-09-26,NW2_EPG0_SWO_R48_BCF,3551,BCF,NA,EIA Open Data API
2025-10-03,NW2_EPG0_SWO_R48_BCF,3631,BCF,NA,EIA Open Data API
2025-10-10,NW2_EPG0_SWO_R48_BCF,3712,BCF,NA,EIA Open Data API
2025-10-17,NW2_EPG0_SWO_R48_BCF,3798,BCF,NA,EIA Open Data API
2025-10-24,NW2_EPG0_SWO_R48_BCF,3872,BCF,NA,EIA Open Data API
2025-10-31,NW2_EPG0_SWO_R48_BCF,3905,BCF,NA,EIA Open Data API
2025-11-07,NW2_EPG0_SWO_R48_BCF,3950,BCF,NA,EIA Open Data API
2025-11-14,NW2_EPG0_SWO_R48_BCF,3936,BCF,NA,EIA Open Data API
2025-11-21,NW2_EPG0_SWO_R48_BCF,3924,BCF,NA,EIA Open Data API
2025-11-28,NW2_EPG0_SWO_R48_BCF,3913,BCF,NA,EIA Open Data API
2025-12-05,NW2_EPG0_SWO_R48_BCF,3735,BCF,NA,EIA Open Data API
2025-12-12,NW2_EPG0_SWO_R48_BCF,3569,BCF,NA,EIA Open Data API
2025-12-19,NW2_EPG0_SWO_R48_BCF,3401,BCF,NA,EIA Open Data API
2025-12-26,NW2_EPG0_SWO_R48_BCF,3364,BCF,NA,EIA Open Data API
2026-01-02,NW2_EPG0_SWO_R48_BCF,3244,BCF,NA,EIA Open Data API
2026-01-09,NW2_EPG0_SWO_R48_BCF,3174,BCF,NA,EIA Open Data API
2026-01-16,NW2_EPG0_SWO_R48_BCF,3054,BCF,NA,EIA Open Data API
2026-01-23,NW2_EPG0_SWO_R48_BCF,2813,BCF,NA,EIA Open Data API
2026-01-30,NW2_EPG0_SWO_R48_BCF,2454,BCF,NA,EIA Open Data API
2026-02-06,NW2_EPG0_SWO_R48_BCF,2202,BCF,NA,EIA Open Data API
2026-02-13,NW2_EPG0_SWO_R48_BCF,2059,BCF,NA,EIA Open Data API
2026-02-20,NW2_EPG0_SWO_R48_BCF,2007,BCF,NA,EIA Open Data API
2026-02-27,NW2_EPG0_SWO_R48_BCF,1876,BCF,NA,EIA Open Data API
2026-03-06,NW2_EPG0_SWO_R48_BCF,1838,BCF,NA,EIA Open Data API
2026-03-13,NW2_EPG0_SWO_R48_BCF,1872,BCF,NA,EIA Open Data API
2026-03-20,NW2_EPG0_SWO_R48_BCF,1818,BCF,NA,EIA Open Data API
2026-03-27,NW2_EPG0_SWO_R48_BCF,1851,BCF,NA,EIA Open Data API
2026-04-03,NW2_EPG0_SWO_R48_BCF,1900,BCF,NA,EIA Open Data API
2026-04-10,NW2_EPG0_SWO_R48_BCF,1960,BCF,NA,EIA Open Data API
2026-04-17,NW2_EPG0_SWO_R48_BCF,2063,BCF,NA,EIA Open Data API
2026-04-24,NW2_EPG0_SWO_R48_BCF,2142,BCF,NA,EIA Open Data API
2026-05-01,NW2_EPG0_SWO_R48_BCF,2205,BCF,NA,EIA Open Data API
2026-05-08,NW2_EPG0_SWO_R48_BCF,2290,BCF,NA,EIA Open Data API
2026-05-15,NW2_EPG0_SWO_R48_BCF,2391,BCF,NA,EIA Open Data API
2026-05-22,NW2_EPG0_SWO_R48_BCF,2483,BCF,NA,EIA Open Data API
2026-05-29,NW2_EPG0_SWO_R48_BCF,2578,BCF,NA,EIA Open Data API
2026-06-05,NW2_EPG0_SWO_R48_BCF,2686,BCF,NA,EIA Open Data API
2026-06-12,NW2_EPG0_SWO_R48_BCF,2759,BCF,NA,EIA Open Data API
2026-06-19,NW2_EPG0_SWO_R48_BCF,2835,BCF,NA,EIA Open Data API
2026-06-26,NW2_EPG0_SWO_R48_BCF,2922,BCF,NA,EIA Open Data API
2026-07-03,NW2_EPG0_SWO_R48_BCF,2983,BCF,NA,EIA Open Data API
